date,cap_swe,sey_swe
10/1/2018,0,0
10/2/2018,0,0
10/3/2018,0,0
10/4/2018,0,0.343562
10/5/2018,0,0.52426
10/6/2018,0,0.835873985
10/7/2018,0,0.865752506
10/8/2018,0,0.885427284
10/9/2018,0,0.839313984
10/10/2018,0,0.823289204
10/11/2018,0,0.796357822
10/12/2018,0,0.746111965
10/13/2018,0,0.732557058
10/14/2018,0,0.747081375
10/15/2018,0,0.820606995
10/16/2018,0,1.047566032
10/17/2018,0,1.188074207
10/18/2018,0,1.38732214
10/19/2018,0,2.731830406
10/20/2018,0,0.884601021
10/21/2018,0,0.852604008
10/22/2018,0,0.924481583
10/23/2018,0,0.964362144
10/24/2018,0.6241,0.964808178
10/25/2018,0.8542,0.99796114
10/26/2018,0.993946552,0.964362144
10/27/2018,0.993946552,0.964362144
10/28/2018,0.994321251,0.965254211
10/29/2018,1.062882423,1.030668068
10/30/2018,1.409503174,1.33383112
10/31/2018,1.685769653,1.603416824
11/1/2018,1.852635574,1.783973503
11/2/2018,2.023209858,2.133306026
11/3/2018,2.074600887,2.342139816
11/4/2018,2.074600887,2.342139816
11/5/2018,2.074600887,2.342139816
11/6/2018,2.074600887,2.342139816
11/7/2018,2.957647705,3.47685585
11/8/2018,2.715632629,3.132557297
11/9/2018,2.551348877,2.921976089
11/10/2018,2.388096046,2.717965889
11/11/2018,2.193784142,2.48263855
11/12/2018,1.955417633,2.201641083
11/13/2018,1.711579704,1.879720306
11/14/2018,1.688601875,1.845044708
11/15/2018,1.127710342,1.215555477
11/16/2018,1.199891949,1.32026577
11/17/2018,1.232645035,1.344495106
11/18/2018,1.227606773,1.336461544
11/19/2018,1.229830074,1.336472225
11/20/2018,1.248788261,1.361775494
11/21/2018,1.269118309,1.386791515
11/22/2018,1.721141815,1.801770401
11/23/2018,2.400390053,2.439061546
11/24/2018,3.349439621,3.362084198
11/25/2018,4.166585922,4.140967941
11/26/2018,4.538609695,4.487584305
11/27/2018,5.295931244,5.215797806
11/28/2018,5.561250687,5.497636032
11/29/2018,5.660438156,5.607687378
11/30/2018,5.69524231,5.642964172
12/1/2018,5.725939178,5.738936996
12/2/2018,5.686374283,5.760299683
12/3/2018,5.634495163,5.729153061
12/4/2018,5.645661163,5.739349747
12/5/2018,5.437583923,5.555474854
12/6/2018,4.924310684,5.101440811
12/7/2018,4.374138641,4.623994064
12/8/2018,4.029206848,4.322885132
12/9/2018,3.979889679,4.284496689
12/10/2018,4.681368637,4.945404816
12/11/2018,6.158590698,6.284954453
12/12/2018,8.353455353,8.323362732
12/13/2018,10.61670303,10.74723969
12/14/2018,13.29116669,13.51411285
12/15/2018,16.62761841,16.96590271
12/16/2018,19.11829224,19.64078369
12/17/2018,20.1761673,20.87661896
12/18/2018,22.63276215,23.35145721
12/19/2018,25.12231445,25.8631134
12/20/2018,26.32501831,27.31999207
12/21/2018,27.75385437,29.05144348
12/22/2018,28.83367615,30.40423279
12/23/2018,29.78330078,31.48981018
12/24/2018,31.2170929,33.03833313
12/25/2018,33.06641235,35.0483429
12/26/2018,34.0957428,36.13789978
12/27/2018,34.44827576,36.504422
12/28/2018,34.94317627,37.08493652
12/29/2018,35.14031372,37.64503174
12/30/2018,35.21521912,38.16712341
12/31/2018,35.64135742,38.68181763
1/1/2019,36.30392456,39.13750305
1/2/2019,36.89045105,39.53221741
1/3/2019,37.23189087,39.87995911
1/4/2019,37.8882843,40.68782349
1/5/2019,39.23478394,42.1826416
1/6/2019,40.68227234,43.74043579
1/7/2019,41.6242157,44.70475464
1/8/2019,42.44085693,45.4824707
1/9/2019,43.07883911,46.15958252
1/10/2019,43.53168945,46.97266235
1/11/2019,44.18565979,47.73029175
1/12/2019,44.82496948,48.53474731
1/13/2019,45.5841095,49.22280273
1/14/2019,45.62629089,49.17048035
1/15/2019,45.72027893,49.13739929
1/16/2019,46.07066345,49.38679199
1/17/2019,46.49994507,49.66656494
1/18/2019,46.81561584,49.89770508
1/19/2019,46.99077759,49.92178345
1/20/2019,47.54150085,50.28987122
1/21/2019,48.53678284,51.26063843
1/22/2019,49.30626526,51.77485962
1/23/2019,49.50624695,52.09827271
1/24/2019,50.27677917,52.99876099
1/25/2019,50.8850174,53.76461487
1/26/2019,52.16097412,55.37722168
1/27/2019,52.29627686,55.58458862
1/28/2019,52.48696899,55.78623047
1/29/2019,52.59812012,55.89631348
1/30/2019,52.57106934,55.78320313
1/31/2019,52.59641724,55.58730469
2/1/2019,52.68428955,55.62172852
2/2/2019,53.16361084,55.70042114
2/3/2019,53.84000854,56.29888306
2/4/2019,53.87269897,57.46963501
2/5/2019,54.16798096,58.05911255
2/6/2019,54.60007019,58.29662476
2/7/2019,55.07468872,58.43098755
2/8/2019,55.19085693,58.66854248
2/9/2019,55.3482605,59.09630127
2/10/2019,55.03442993,59.18007813
2/11/2019,55.15730286,58.81140747
2/12/2019,54.43057251,58.02688599
2/13/2019,55.66194458,58.96365356
2/14/2019,55.78835449,58.88356323
2/15/2019,55.68275146,58.75690918
2/16/2019,55.76702881,59.47522583
2/17/2019,56.61049805,60.32470703
2/18/2019,55.9934906,59.38730469
2/19/2019,57.00544434,60.69354858
2/20/2019,56.9444519,60.65029907
2/21/2019,56.50841675,60.28330078
2/22/2019,56.54514771,59.75096436
2/23/2019,56.42993774,59.5758728
2/24/2019,56.64986572,59.94014282
2/25/2019,56.34246826,60.12171021
2/26/2019,56.19862671,59.29938354
2/27/2019,55.5012146,58.28203735
2/28/2019,54.9737915,58.73174438
3/1/2019,55.12001953,58.81063232
3/2/2019,55.06436768,58.77084351
3/3/2019,54.81715088,58.44755249
3/4/2019,54.62991943,58.7232605
3/5/2019,54.21665649,58.7232605
3/6/2019,54.04553833,58.11937256
3/7/2019,54.03552246,58.71477661
3/8/2019,54.16763916,58.28829346
3/9/2019,54.36870117,58.05040894
3/10/2019,54.55886841,58.75129395
3/11/2019,54.27672729,58.52834473
3/12/2019,54.30396118,59.04116821
3/13/2019,54.4178833,59.38776855
3/14/2019,54.56103516,59.70308228
3/15/2019,54.67915649,59.86551514
3/16/2019,55.12051392,60.30026245
3/17/2019,56.05955811,60.90041504
3/18/2019,56.76292114,61.24022217
3/19/2019,57.25098877,60.03370972
3/20/2019,57.39115601,60.03370972
3/21/2019,57.56135864,60.03370972
3/22/2019,57.7222229,60.03370972
3/23/2019,57.81699219,61.0562561
3/24/2019,57.67697144,60.60854492
3/25/2019,57.65650024,60.2019043
3/26/2019,57.47084351,59.75252686
3/27/2019,57.11964111,59.23618774
3/28/2019,56.96930542,58.99674683
3/29/2019,57.09887085,58.96276855
3/30/2019,56.99215698,58.68406372
3/31/2019,56.56494751,58.09447021
4/1/2019,56.07863159,57.45785522
4/2/2019,55.75714111,57.27979736
4/3/2019,55.62835083,58.82341614
4/4/2019,56.99725647,58.82341614
4/5/2019,56.99725647,58.82341614
4/6/2019,56.99725647,58.82341614
4/7/2019,55.91275635,57.10371704
4/8/2019,57.00235596,58.26854248
4/9/2019,58.07632446,59.45744019
4/10/2019,58.5590271,59.91623535
4/11/2019,58.89563599,60.2847229
4/12/2019,59.83916626,61.05130005
4/13/2019,60.53770752,61.87927246
4/14/2019,60.99968262,62.47281494
4/15/2019,61.38528442,63.06143188
4/16/2019,61.77661743,63.58209229
4/17/2019,60.39055481,61.55543213
4/18/2019,60.39055481,61.55543213
4/19/2019,61.65084839,61.55543213
4/20/2019,61.49920044,61.55543213
4/21/2019,61.18156738,62.50727539
4/22/2019,60.67303467,61.78532104
4/23/2019,60.2434021,61.32554321
4/24/2019,59.9803772,61.26853027
4/25/2019,59.40378418,60.48235474
4/26/2019,58.96940308,59.66610107
4/27/2019,58.31748657,58.57279663
4/28/2019,58.22964478,58.47808838
4/29/2019,58.15736084,58.41068115
4/30/2019,58.16946411,58.41894531
5/1/2019,58.1229248,58.34688721
5/2/2019,57.96334229,58.16248779
5/3/2019,57.77987061,57.97194824
5/4/2019,57.50526733,57.69221191
5/5/2019,57.2420166,57.4362854
5/6/2019,56.92772217,57.12706299
5/7/2019,56.34293823,56.5463562
5/8/2019,55.67780151,55.8668457
5/9/2019,54.96630859,55.11851807
5/10/2019,54.00721436,54.1326355
5/11/2019,53.09729614,53.17832642
5/12/2019,52.18210449,52.21030884
5/13/2019,51.07880859,51.0550415
5/14/2019,49.96375122,49.87008362
5/15/2019,48.90935669,48.75577393
5/16/2019,48.12618408,47.92605896
5/17/2019,47.53353577,47.29087524
5/18/2019,46.72910767,46.42655334
5/19/2019,46.5771759,44.71091309
5/20/2019,45.92070007,43.69725647
5/21/2019,45.19281921,42.57068481
5/22/2019,44.48355103,41.52435913
5/23/2019,43.77144165,40.80256653
5/24/2019,42.85897522,39.91839294
5/25/2019,42.06791992,39.11939392
5/26/2019,41.27506104,38.28734436
5/27/2019,40.01853333,37.08097839
5/28/2019,38.8114624,35.94833984
5/29/2019,37.8734314,35.01047974
5/30/2019,36.65810852,33.78117065
5/31/2019,35.11413269,32.24042664
6/1/2019,33.47221985,30.60199585
6/2/2019,31.7802124,28.916922
6/3/2019,30.01532288,27.19155273
6/4/2019,28.4846344,25.82008362
6/5/2019,27.14402771,24.50658112
6/6/2019,26.00374146,23.40675507
6/7/2019,25.2552536,22.70499115
6/8/2019,24.88823547,22.36226044
6/9/2019,24.47347107,21.96585999
6/10/2019,23.69131165,21.07272797
6/11/2019,22.7812088,20.23813324
6/12/2019,21.55272064,19.11902313
6/13/2019,20.33780823,18.06548157
6/14/2019,18.78814697,17.02280121
6/15/2019,17.0308136,15.69585114
6/16/2019,15.56908569,14.24972229
6/17/2019,13.80834045,12.7229805
6/18/2019,12.01715775,11.0282074
6/19/2019,10.22552948,9.311985016
6/20/2019,8.663381958,7.690074921
6/21/2019,7.146372223,6.080633163
6/22/2019,5.953617477,4.990423965
6/23/2019,4.8794487,4.07387886
6/24/2019,3.841454315,3.214787292
6/25/2019,3.383255005,2.833695793
6/26/2019,3.180400276,2.664680862
6/27/2019,2.942503738,2.46791172
6/28/2019,2.585828781,2.172415733
6/29/2019,1.892546082,1.598043823
6/30/2019,1.754,0.99902544
7/1/2019,1.6572,0.75924387
7/2/2019,1.6027,0.743899393
7/3/2019,1.5724,0.721896029
7/4/2019,1.5633,0.6272
7/5/2019,1.54782,0.5112
7/6/2019,1.5356,0.42627
7/7/2019,1.52435,0.35362
7/8/2019,1.5098,0.2982
7/9/2019,1.4932,0.25262
7/10/2019,1.4726,0.2112
7/11/2019,1.4689,0.16718
7/12/2019,1.4526,0.14252
7/13/2019,1.443798,0.09812
7/14/2019,1.42182,0.06521
7/15/2019,1.40032,0
7/16/2019,1.398362255,0
7/17/2019,1.383988953,0
7/18/2019,1.371359253,0
7/19/2019,1.358278942,0
7/20/2019,1.347888279,0
7/21/2019,1.251889706,0
7/22/2019,1.219093895,0
7/23/2019,1.194738102,0
7/24/2019,1.117114449,0
7/25/2019,0.812694263,0
7/26/2019,0.757813501,0
7/27/2019,0.701,0
7/28/2019,0.6751,0
7/29/2019,0.611,0
7/30/2019,0.5343,0
7/31/2019,0.4412,0
8/1/2019,0.3876,0
8/2/2019,0.25687,0
8/3/2019,0.2112,0
8/4/2019,0.16571,0
8/5/2019,0.1129,0
8/6/2019,0,0
8/7/2019,0,0
8/8/2019,0,0
8/9/2019,0,0
8/10/2019,0,0
8/11/2019,0,0
8/12/2019,0,0
8/13/2019,0,0
8/14/2019,0,0
8/15/2019,0,0
8/16/2019,0,0
8/17/2019,0,0
8/18/2019,0,0
8/19/2019,0,0
8/20/2019,0,0
8/21/2019,0,0
8/22/2019,0,0
8/23/2019,0,0
8/24/2019,0,0
8/25/2019,0,0
8/26/2019,0,0
8/27/2019,0,0
8/28/2019,0,0
8/29/2019,0,0
8/30/2019,0,0
8/31/2019,0,0
9/1/2019,0,0
9/2/2019,0,0
9/3/2019,0,0
9/4/2019,0,0
9/5/2019,0,0
9/6/2019,0,0
9/7/2019,0,0
9/8/2019,0,0
9/9/2019,0,0
9/10/2019,0,0
9/11/2019,0,0
9/12/2019,0,0
9/13/2019,0,0
9/14/2019,0,0
9/15/2019,0,0
9/16/2019,0,0
9/17/2019,0,0
9/18/2019,0,0
9/19/2019,0,0
9/20/2019,0,0
9/21/2019,0,0
9/22/2019,0,0
9/23/2019,0,0
9/24/2019,0,0
9/25/2019,0,0
9/26/2019,0,0
9/27/2019,0,0
9/28/2019,0,0
9/29/2019,0,0
9/30/2019,0,0
10/1/2019,0,0
10/2/2019,0,0
10/3/2019,0,0
10/4/2019,0,0
10/5/2019,0,0
10/6/2019,0,0
10/7/2019,0,0
10/8/2019,0,0
10/9/2019,0,0
10/10/2019,0,0
10/11/2019,0,0
10/12/2019,0,0
10/13/2019,0,0
10/14/2019,0,0
10/15/2019,0,0.274761391
10/16/2019,0,0.347039652
10/17/2019,0,0.404103613
10/18/2019,0,0.468930531
10/19/2019,0.585123873,0.579964161
10/20/2019,1.011680508,0.996709633
10/21/2019,1.55443573,1.521210575
10/22/2019,0.957065821,0.94840188
10/23/2019,0.957065821,0.94840188
10/24/2019,0.957065821,0.94840188
10/25/2019,0.957065821,0.950682688
10/26/2019,1.602871323,1.58761301
10/27/2019,1.253552151,1.228038216
10/28/2019,1.271789455,1.245681858
10/29/2019,1.19182806,1.160908127
10/30/2019,0.902451134,0.900094128
10/31/2019,0.673434591,0.700348473
11/1/2019,0.648239183,0.681537342
11/2/2019,0.763641167,0.777243996
11/3/2019,0.899169922,0.904655743
11/4/2019,0.958532906,0.959731483
11/5/2019,0.983211327,0.978077793
11/6/2019,0.868413258,0.872218037
11/7/2019,0.591416931,0.624268389
11/8/2019,0.457430124,0.508643103
11/9/2019,0.529181433,0.569367266
11/10/2019,0.490494919,0.526101494
11/11/2019,0.368404555,0.402576399
11/12/2019,0.39380734,0.41144352
11/13/2019,0.427394772,0.439593601
11/14/2019,0.458089638,0.464610195
11/15/2019,0.490344667,0.489394855
11/16/2019,0.534055042,0.534102106
11/17/2019,0.589718914,0.59247117
11/18/2019,0.622654867,0.615571833
11/19/2019,0.495548701,0.5301018
11/20/2019,0.459712172,0.493756819
11/21/2019,0.473229933,0.508788586
11/22/2019,0.465621471,0.502206087
11/23/2019,0.500602484,0.539526701
11/24/2019,0.544952774,0.588343906
11/25/2019,0.596251488,0.652891874
11/26/2019,0.687120581,0.766735506
11/27/2019,0.76107254,0.867183208
11/28/2019,0.79578352,0.916003704
11/29/2019,0.820838356,0.950084305
11/30/2019,0.815214729,0.952978611
12/1/2019,0.84805603,0.9926898
12/2/2019,1.015867233,1.145188999
12/3/2019,1.163165092,1.298167133
12/4/2019,1.447113037,1.589103222
12/5/2019,1.665355682,1.836841965
12/6/2019,1.575207233,1.788705063
12/7/2019,1.66600399,1.892951393
12/8/2019,1.82827301,2.061288834
12/9/2019,1.754072571,2.003841209
12/10/2019,1.610634041,1.879549026
12/11/2019,1.606251717,1.881144905
12/12/2019,1.757403946,2.035514641
12/13/2019,2.199468613,2.529372978
12/14/2019,2.73631382,3.164587021
12/15/2019,2.966385651,3.470343781
12/16/2019,3.003696251,3.541366577
12/17/2019,3.228690338,3.796497726
12/18/2019,3.814519119,4.437016296
12/19/2019,4.67792244,5.376422501
12/20/2019,5.421843147,6.179588127
12/21/2019,7.075564194,7.997031403
12/22/2019,9.059618378,10.33551331
12/23/2019,9.351496887,10.7973259
12/24/2019,9.345433044,10.83525925
12/25/2019,9.249129486,10.74459152
12/26/2019,9.165208435,10.6633934
12/27/2019,9.066506195,10.55153656
12/28/2019,9.171446991,10.67891846
12/29/2019,9.423453522,11.00193253
12/30/2019,9.995475769,11.54614182
12/31/2019,10.53404388,12.04777222
1/1/2020,11.36007385,12.8954895
1/2/2020,12.4989563,14.12444305
1/3/2020,13.58271027,15.31443176
1/4/2020,14.51745453,16.31708374
1/5/2020,15.72527466,17.62905426
1/6/2020,17.21792297,19.29431
1/7/2020,18.95675812,21.19501038
1/8/2020,20.35093079,22.73675995
1/9/2020,26.59185638,28.30092239
1/10/2020,33.77635193,34.93185425
1/11/2020,34.22966614,35.60587158
1/12/2020,35.4688324,37.10952148
1/13/2020,37.25316162,39.02723999
1/14/2020,38.61144714,40.57926025
1/15/2020,38.54743347,40.90944824
1/16/2020,38.21201782,40.34099426
1/17/2020,38.46369629,40.35302734
1/18/2020,38.85170898,40.49931641
1/19/2020,40.09268799,41.46747437
1/20/2020,42.10133972,43.96647339
1/21/2020,42.90729675,44.82232971
1/22/2020,43.85116882,45.72279358
1/23/2020,46.32202454,47.63536377
1/24/2020,47.99555054,48.99868164
1/25/2020,49.25180969,51.17695618
1/26/2020,50.15812683,53.00332031
1/27/2020,51.2352356,53.90603638
1/28/2020,52.2815918,54.5331543
1/29/2020,53.27214966,55.21560669
1/30/2020,54.51008911,56.19724731
1/31/2020,55.45183105,57.09208984
2/1/2020,53.66469421,57.79219971
2/2/2020,54.0696991,58.35319214
2/3/2020,55.84063721,57.87935181
2/4/2020,55.12518921,57.5366333
2/5/2020,54.30830078,57.20904541
2/6/2020,53.40443115,56.89782104
2/7/2020,53.49829102,57.09785767
2/8/2020,53.83109741,57.31535645
2/9/2020,54.87913208,58.45622559
2/10/2020,55.42854004,59.15621338
2/11/2020,55.05289917,58.85661011
2/12/2020,54.69940186,58.53008423
2/13/2020,55.46018066,59.07634277
2/14/2020,56.77235718,60.04812012
2/15/2020,58.47191772,61.36860352
2/16/2020,60.18701782,62.69161987
2/17/2020,61.06017456,63.5989624
2/18/2020,61.42492676,63.97307739
2/19/2020,61.62752075,64.18538818
2/20/2020,61.73538208,64.31466064
2/21/2020,62.52169189,64.90015869
2/22/2020,57.01305542,63.88449097
2/23/2020,57.6763855,64.07923279
2/24/2020,58.97408447,62.54250488
2/25/2020,60.1324707,63.79590454
2/26/2020,60.80570679,64.54672241
2/27/2020,61.30734863,65.03419189
2/28/2020,61.94054565,65.56323242
2/29/2020,62.77159424,66.2972229
3/1/2020,63.78695068,67.31802368
3/2/2020,64.62193604,68.22923584
3/3/2020,65.00889282,68.6467041
3/4/2020,65.6520874,69.30541382
3/5/2020,66.31739502,69.91274414
3/6/2020,67.22666626,70.68967285
3/7/2020,68.23841553,71.46925659
3/8/2020,68.84744873,72.15275269
3/9/2020,69.09893188,72.78190918
3/10/2020,69.03623047,72.89934692
3/11/2020,69.25905762,73.23594971
3/12/2020,69.55074463,73.64331665
3/13/2020,69.66352539,73.84335327
3/14/2020,69.55261841,73.85001831
3/15/2020,69.50467529,73.82704468
3/16/2020,69.50075684,73.86254883
3/17/2020,69.6144043,73.89506836
3/18/2020,69.71802368,73.86188965
3/19/2020,69.82158203,73.6012146
3/20/2020,76.65911255,78.88639221
3/21/2020,85.21915894,84.81394043
3/22/2020,86.80426025,85.69623413
3/23/2020,86.15671387,86.80783081
3/24/2020,86.5019043,87.4223877
3/25/2020,86.5019043,87.25081787
3/26/2020,88.85193481,86.9053833
3/27/2020,87.02741699,86.11021729
3/28/2020,86.11387939,85.84243164
3/29/2020,86.19954834,86.24829712
3/30/2020,87.17359009,87.42722778
3/31/2020,87.67610474,88.52301636
4/1/2020,87.51204224,89.45612793
4/2/2020,87.05709229,89.68553467
4/3/2020,85.69966431,88.87061157
4/4/2020,84.56652222,88.13851318
4/5/2020,83.92597656,87.80200806
4/6/2020,83.93419189,87.81918335
4/7/2020,84.28536987,88.03341064
4/8/2020,84.41420898,88.13727417
4/9/2020,84.69675293,88.30645142
4/10/2020,85.47423096,88.85715332
4/11/2020,87.29619141,90.1303833
4/12/2020,89.31448364,91.3680481
4/13/2020,92.06049805,89.20135803
4/14/2020,94.67841797,89.19462891
4/15/2020,97.08898926,89.19462891
4/16/2020,91.04444885,89.19462891
4/17/2020,91.04444885,89.19462891
4/18/2020,96.57289429,89.19462891
4/19/2020,95.17744751,90.55498047
4/20/2020,94.31081543,89.53210449
4/21/2020,92.95717163,88.2522644
4/22/2020,91.66021118,87.09626465
4/23/2020,90.42868652,86.23151855
4/24/2020,89.33463745,85.22316895
4/25/2020,88.32265625,84.27473755
4/26/2020,89.05877686,85.13474121
4/27/2020,88.57548828,84.82389526
4/28/2020,86.89954224,84.08516235
4/29/2020,84.82736816,83.00499878
4/30/2020,82.38756714,81.4723999
5/1/2020,80.07287598,79.94129639
5/2/2020,77.13027344,77.84052734
5/3/2020,74.06196289,75.57045288
5/4/2020,71.6630127,73.74398193
5/5/2020,69.65177612,72.23969727
5/6/2020,70.61982422,72.7815979
5/7/2020,71.37862549,73.09893188
5/8/2020,72.1616333,73.32662354
5/9/2020,73.87466431,74.14324951
5/10/2020,75.03376465,74.41660767
5/11/2020,75.48357544,74.03249512
5/12/2020,75.19296265,72.98082275
5/13/2020,74.47467041,72.04911499
5/14/2020,72.66957397,69.63379517
5/15/2020,70.275354,66.88842163
5/16/2020,68.59360962,65.32479858
5/17/2020,67.03374634,63.96911621
5/18/2020,65.66621094,62.75299072
5/19/2020,64.83759155,61.83067017
5/20/2020,63.80993042,60.7972168
5/21/2020,62.33242798,59.38458252
5/22/2020,60.47794189,57.80531616
5/23/2020,59.15465698,56.61326904
5/24/2020,58.45740356,56.00888062
5/25/2020,57.32821655,55.04492188
5/26/2020,56.26420288,54.08165894
5/27/2020,55.37865601,53.19001465
5/28/2020,54.39301758,52.15637207
5/29/2020,53.30658569,51.04903259
5/30/2020,51.92722168,49.72482605
5/31/2020,50.61955566,49.93895569
6/1/2020,49.43789673,48.7006134
6/2/2020,48.4894989,47.68490906
6/3/2020,47.74959717,46.8945282
6/4/2020,48.30986023,45.58522644
6/5/2020,47.54416199,44.92958679
6/6/2020,46.609729,44.52339478
6/7/2020,45.44368591,44.07572632
6/8/2020,44.63850708,43.47990112
6/9/2020,43.87757568,42.83806458
6/10/2020,42.6905304,42.09259949
6/11/2020,41.65071411,40.98153381
6/12/2020,40.74347534,40.17993164
6/13/2020,39.97683716,39.40027466
6/14/2020,39.33727417,38.72912598
6/15/2020,37.37398376,36.80701752
6/16/2020,34.6109436,34.08197021
6/17/2020,33.95258179,33.38580933
6/18/2020,33.56837769,32.90484924
6/19/2020,32.86515503,32.10286865
6/20/2020,32.23008118,31.35003357
6/21/2020,31.13765869,30.08919983
6/22/2020,30.17155457,28.98078003
6/23/2020,29.25012817,28.03327026
6/24/2020,28.33562927,26.8197113
6/25/2020,26.91150513,25.38456421
6/26/2020,25.19793243,23.68903809
6/27/2020,23.42493439,21.8708847
6/28/2020,21.13384552,19.8999649
6/29/2020,19.14045868,17.9846405
6/30/2020,17.23047638,16.1596817
7/1/2020,15.32609406,14.36474762
7/2/2020,13.52279968,12.67502441
7/3/2020,12.21858215,11.37938232
7/4/2020,11.40453186,10.9034111
7/5/2020,10.08146439,9.18001709
7/6/2020,9.264931488,8.332170868
7/7/2020,8.402230835,7.453836823
7/8/2020,7.547100067,6.640682983
7/9/2020,7.034243774,6.337268448
7/10/2020,6.29561348,5.708703232
7/11/2020,5.376732635,4.791468048
7/12/2020,4.689738846,4.199765015
7/13/2020,4.254382706,3.897751999
7/14/2020,3.773590088,3.375042343
7/15/2020,3.672773361,3.285706329
7/16/2020,2.36007843,2.700782299
7/17/2020,1.462010312,1.323986149
7/18/2020,1.2211,1.1121
7/19/2020,0.98651,0.76251
7/20/2020,0.65382,0.56122
7/21/2020,0.44378,0.37821
7/22/2020,0.21782,0.150548899
7/23/2020,0.142310929,0
7/24/2020,0,0
7/25/2020,0,0
7/26/2020,0,0
7/27/2020,0,0
7/28/2020,0,0
7/29/2020,0,0
7/30/2020,0,0
7/31/2020,0,0
8/1/2020,0,0
8/2/2020,0,0
8/3/2020,0,0
8/4/2020,0,0
8/5/2020,0,0
8/6/2020,0,0
8/7/2020,0,0
8/8/2020,0,0
8/9/2020,0,0
8/10/2020,0,0
8/11/2020,0,0
8/12/2020,0,0
8/13/2020,0,0
8/14/2020,0,0
8/15/2020,0,0
8/16/2020,0,0
8/17/2020,0,0
8/18/2020,0,0
8/19/2020,0,0
8/20/2020,0,0
8/21/2020,0,0
8/22/2020,0,0
8/23/2020,0,0
8/24/2020,0,0
8/25/2020,0,0
8/26/2020,0,0
8/27/2020,0,0
8/28/2020,0,0
8/29/2020,0,0
8/30/2020,0,0
8/31/2020,0,0
9/1/2020,0,0
9/2/2020,0,0
9/3/2020,0,0
9/4/2020,0,0
9/5/2020,0,0
9/6/2020,0,0
9/7/2020,0,0
9/8/2020,0,0
9/9/2020,0,0
9/10/2020,0,0
9/11/2020,0,0
9/12/2020,0,0
9/13/2020,0,0
9/14/2020,0,0
9/15/2020,0,0
9/16/2020,0,0
9/17/2020,0,0
9/18/2020,0,0
9/19/2020,0,0
9/20/2020,0,0
9/21/2020,0,0
9/22/2020,0,0
9/23/2020,0,0
9/24/2020,0,0
9/25/2020,0,0
9/26/2020,0,0
9/27/2020,0,0
9/28/2020,0,0
9/29/2020,0,0
9/30/2020,0,0
10/1/2020,0,0
10/2/2020,0,0
10/3/2020,0,0
10/4/2020,0,0
10/5/2020,0,0.133008969
10/6/2020,0,0.203259969
10/7/2020,0,0.259271741
10/8/2020,0,0.327416205
10/9/2020,0,0.399071407
10/10/2020,0,0.341201806
10/11/2020,0,0
10/12/2020,0,0
10/13/2020,0.740306187,0.715727043
10/14/2020,1.152989769,1.130833244
10/15/2020,1.052877569,1.505554199
10/16/2020,1.35391922,1.32765255
10/17/2020,1.345390701,1.331967163
10/18/2020,1.291841316,1.29029026
10/19/2020,1.277630043,1.286720276
10/20/2020,1.220491982,1.24106741
10/21/2020,1.132246304,1.159597874
10/22/2020,1.082117271,1.101966763
10/23/2020,1.023637867,1.031149483
10/24/2020,1.216704845,1.258639622
10/25/2020,1.393350506,1.44770155
10/26/2020,1.37760725,1.432018661
10/27/2020,1.403812027,1.458988857
10/28/2020,1.40949688,1.130782318
10/29/2020,1.271514702,1.329835701
10/30/2020,0.974923134,1.004663563
10/31/2020,0.816088295,0.823371983
11/1/2020,0.783651495,0.792045975
11/2/2020,0.755436325,0.764059734
11/3/2020,0.700392246,0.707668638
11/4/2020,0.665071106,0.67280612
11/5/2020,0.582538176,0.576041126
11/6/2020,0.459109068,0.43516593
11/7/2020,0.420089197,0.398751426
11/8/2020,0.23479054,0.214287949
11/9/2020,0.311245251,0.31264894
11/10/2020,0.317783785,0.287197065
11/11/2020,0.306036043,0.310041046
11/12/2020,0.431339979,0.432868862
11/13/2020,0.516662884,0.522859001
11/14/2020,1.329469872,1.413588524
11/15/2020,3.32836113,3.554345703
11/16/2020,4.456181526,4.728451347
11/17/2020,7.217285156,7.639631653
11/18/2020,8.274539948,8.834088898
11/19/2020,9.492576599,10.20194244
11/20/2020,10.23522034,10.97458649
11/21/2020,11.14743958,11.95692444
11/22/2020,11.59723053,12.45842438
11/23/2020,11.62565384,12.44535599
11/24/2020,11.95860214,12.73890839
11/25/2020,13.09230499,13.89155121
11/26/2020,14.35956726,15.21618347
11/27/2020,14.99705811,15.89692383
11/28/2020,15.51197815,16.47622223
11/29/2020,16.30790253,17.34138794
11/30/2020,16.78637085,17.88480682
12/1/2020,17.42960358,18.57336273
12/2/2020,18.16973419,19.32242737
12/3/2020,18.38463593,19.51321869
12/4/2020,18.46516876,19.51500244
12/5/2020,18.46117096,19.44116364
12/6/2020,18.51389313,19.45891876
12/7/2020,18.18545227,19.04420166
12/8/2020,18.10630035,18.86180115
12/9/2020,18.16985321,18.87828064
12/10/2020,18.34949951,19.0104599
12/11/2020,18.15670319,18.78498688
12/12/2020,19.1155899,19.73042755
12/13/2020,19.95118256,20.61057739
12/14/2020,20.85207062,21.58673096
12/15/2020,21.59586487,22.41417236
12/16/2020,22.57263336,23.54776611
12/17/2020,23.99529877,25.15542603
12/18/2020,25.26767273,26.66182861
12/19/2020,26.79439087,28.36726379
12/20/2020,28.84380493,30.56676636
12/21/2020,30.90005188,32.75658264
12/22/2020,32.3492157,34.3617981
12/23/2020,33.21771545,35.3455719
12/24/2020,33.61870117,35.78896484
12/25/2020,33.74144592,35.87635193
12/26/2020,33.98926697,36.05430603
12/27/2020,35.21378479,37.22454529
12/28/2020,36.9089325,39.02298279
12/29/2020,37.85061035,40.04586182
12/30/2020,38.11220093,40.2919281
12/31/2020,39.41662903,41.75218506
1/1/2021,41.45769043,43.90385742
1/2/2021,43.28327942,45.77213745
1/3/2021,45.14770813,47.71437378
1/4/2021,46.76061707,49.61030273
1/5/2021,48.17342529,51.23450317
1/6/2021,49.81999817,53.00285645
1/7/2021,51.86624756,55.1965332
1/8/2021,53.74005127,57.25665894
1/9/2021,54.71273804,58.33563232
1/10/2021,55.11360474,58.78831177
1/11/2021,55.7772522,59.50281982
1/12/2021,56.71846924,60.56947632
1/13/2021,56.5043457,60.57459717
1/14/2021,56.36421509,60.5925293
1/15/2021,56.16153564,60.50914917
1/16/2021,56.11940308,60.44567871
1/17/2021,58.79845886,62.5728241
1/18/2021,61.49797363,65.15143433
1/19/2021,62.10224609,65.74102173
1/20/2021,62.4958374,66.11433105
1/21/2021,62.91071777,66.50101318
1/22/2021,63.37857056,66.94500122
1/23/2021,63.63810425,67.17521362
1/24/2021,63.90053101,67.40482178
1/25/2021,64.39521484,67.86102295
1/26/2021,65.1758667,68.61636963
1/27/2021,66.28287964,69.70845947
1/28/2021,67.22230835,70.6230835
1/29/2021,67.89473877,71.28712158
1/30/2021,68.48478394,71.8840332
1/31/2021,69.40182495,72.80078125
2/1/2021,71.33363037,74.7677002
2/2/2021,72.41112671,75.90439148
2/3/2021,74.92540894,78.62235718
2/4/2021,75.96703491,79.7418457
2/5/2021,76.62059326,80.41487427
2/6/2021,76.99490356,80.81665649
2/7/2021,77.64661255,81.51186523
2/8/2021,78.40598755,82.31304932
2/9/2021,78.89017334,82.8204834
2/10/2021,79.12055054,83.04416504
2/11/2021,79.41295166,83.32339478
2/12/2021,79.77813721,83.68710327
2/13/2021,79.99744873,83.90491333
2/14/2021,80.30892944,84.22628174
2/15/2021,80.85288086,84.77435913
2/16/2021,81.43233032,85.3605896
2/17/2021,82.12575073,86.07700806
2/18/2021,82.76472168,86.71636353
2/19/2021,83.24025879,87.20132446
2/20/2021,83.89571533,87.90663452
2/21/2021,84.86177368,88.9194458
2/22/2021,85.95532837,90.0706604
2/23/2021,87.19718018,91.41432495
2/24/2021,88.35285645,92.6526123
2/25/2021,89.11494141,93.43544312
2/26/2021,89.82127686,94.16574097
2/27/2021,90.85754395,95.26372681
2/28/2021,91.71032104,96.13255615
3/1/2021,92.26337891,96.68210449
3/2/2021,92.80263062,97.22872314
3/3/2021,93.16976929,97.59503174
3/4/2021,93.47669067,97.90331421
3/5/2021,93.80109863,98.21522827
3/6/2021,94.51784058,98.94869385
3/7/2021,95.9187439,100.4023193
3/8/2021,97.62721558,102.1481567
3/9/2021,99.25289307,103.7897827
3/10/2021,100.5289185,105.0704956
3/11/2021,101.4049744,105.9484253
3/12/2021,102.0867676,106.6174438
3/13/2021,102.583667,107.1005859
3/14/2021,102.9767334,107.5027588
3/15/2021,103.4117065,107.952063
3/16/2021,104.0384766,108.5930298
3/17/2021,104.4751587,109.0347168
3/18/2021,104.4814209,109.0330444
3/19/2021,104.6841187,109.2342163
3/20/2021,105.4030029,109.9781494
3/21/2021,106.0899841,110.6855347
3/22/2021,107.6994324,112.3436707
3/23/2021,109.9126221,114.6335815
3/24/2021,110.4592163,115.1921509
3/25/2021,110.7713501,115.5120483
3/26/2021,111.1122681,115.8715576
3/27/2021,111.3956543,116.1604126
3/28/2021,111.8214478,116.6069336
3/29/2021,112.2589355,117.0819092
3/30/2021,112.5690674,117.4480103
3/31/2021,113.1695557,118.122644
4/1/2021,113.4040161,118.3827759
4/2/2021,113.0471069,118.0008179
4/3/2021,112.835022,117.7641479
4/4/2021,113.0662354,117.9952637
4/5/2021,113.4405151,118.3417236
4/6/2021,113.942395,118.8402222
4/7/2021,114.1707642,119.0997437
4/8/2021,114.1080566,119.0300537
4/9/2021,113.64021,118.5776123
4/10/2021,113.5579712,118.5378296
4/11/2021,114.0859497,119.0548584
4/12/2021,114.4890747,119.3888672
4/13/2021,114.4348389,119.3074463
4/14/2021,113.774646,118.6726318
4/15/2021,113.4595825,118.3572266
4/16/2021,113.1239136,118.0122925
4/17/2021,112.3251221,117.1761963
4/18/2021,111.2187012,115.9882935
4/19/2021,109.1974121,113.9090942
4/20/2021,106.6506836,111.2926758
4/21/2021,103.8215332,108.3715942
4/22/2021,101.2498535,105.7689819
4/23/2021,99.70420532,104.1581421
4/24/2021,98.20244751,102.5760498
4/25/2021,97.25299683,101.5709961
4/26/2021,96.99914551,101.2272705
4/27/2021,95.95234375,100.148291
4/28/2021,94.72023315,98.86978149
4/29/2021,93.87868652,97.96688232
4/30/2021,92.96904907,97.00855713
5/1/2021,92.06032104,96.02911987
5/2/2021,91.20776367,95.08045044
5/3/2021,89.43701782,93.22873535
5/4/2021,87.6940979,91.43067017
5/5/2021,87.12061157,90.7749939
5/6/2021,86.07197266,89.62685547
5/7/2021,84.5321106,88.0071228
5/8/2021,83.43562012,87.2131
5/9/2021,82.12178345,86.5658
5/10/2021,81.6762,86.1123
5/11/2021,81.12782,85.6785
5/12/2021,80.3562,85.21627
5/13/2021,80.01272,84.3456
5/14/2021,79.8762,83.89373
5/15/2021,79.8102,83.4363
5/16/2021,79.6872,82.7623
5/17/2021,79.5612,82.2738
5/18/2021,79.46371,81.9827
5/19/2021,79.3212,81.7627
5/20/2021,79.21346,81.5672
5/21/2021,79.00271,81.42526
5/22/2021,78.83063965,81.34849854
5/23/2021,78.07747803,80.52958374
5/24/2021,77.87335815,80.15103149
5/25/2021,76.83287354,78.95062866
5/26/2021,75.6847229,77.64466553
5/27/2021,74.8052063,76.62056274
5/28/2021,73.98168945,75.66340332
5/29/2021,73.27105713,74.85039063
5/30/2021,72.32040405,73.82457275
5/31/2021,70.63479004,72.0786438
6/1/2021,70.3212,71.2728
6/2/2021,70.02817,70.7672
6/3/2021,69.8652,70.1123
6/4/2021,69.6982,69.7682
6/5/2021,69.4321,68.2637
6/6/2021,69.12872,67.00192
6/7/2021,68.78256226,65.98272
6/8/2021,68.09317017,65.2453
6/9/2021,67.62617798,64.3782
6/10/2021,66.90161743,62.8762
6/11/2021,66.06981201,61.3242
6/12/2021,61.89257507,59.7281
6/13/2021,57.5829834,57.86740112
6/14/2021,57.03034668,57.21218262
6/15/2021,56.40930176,56.46999512
6/16/2021,55.63939209,55.52269287
6/17/2021,55.54129639,55.19414673
6/18/2021,53.78585205,53.40167236
6/19/2021,52.33776245,51.90529175
6/20/2021,51.22647095,50.63209534
6/21/2021,50.7621,48.29902039
6/22/2021,50.2134,47.7849
6/23/2021,49.5621,46.8975
6/24/2021,48.47752075,46.3245
6/25/2021,46.07297058,45.86324158
6/26/2021,43.46105957,43.0277771
6/27/2021,40.41964111,39.75162354
6/28/2021,37.28672485,36.38113403
6/29/2021,34.63457642,34.0846344
6/30/2021,31.50874939,30.81752625
7/1/2021,28.79185181,28.04378662
7/2/2021,26.52549438,25.78291016
7/3/2021,24.38017578,23.68307953
7/4/2021,22.12526245,21.49525299
7/5/2021,19.77532349,19.21586304
7/6/2021,17.36261292,16.87499237
7/7/2021,14.80598907,14.39932251
7/8/2021,12.11722412,11.790345
7/9/2021,8.242466736,7.662001038
7/10/2021,6.499336243,6.048316574
7/11/2021,4.587665939,4.279360962
7/12/2021,2.820932198,2.642787933
7/13/2021,1.255269051,1.222056484
7/14/2021,0.98721,0.175790536
7/15/2021,0.75262,0.174002457
7/16/2021,0.56171,0.173108423
7/17/2021,0.5123,0.12851789
7/18/2021,0.489443254,0.491650629
7/19/2021,0.456633997,0.458667469
7/20/2021,0.468163204,0.470274544
7/21/2021,0.468163204,0.470274544
7/22/2021,0.340482187,0.34201777
7/23/2021,0.361762357,0.363393974
7/24/2021,0.468163204,0.470274544
7/25/2021,0.489443254,0.491650629
7/26/2021,0.351122272,0.352705872
7/27/2021,0.351122272,0.171008885
7/28/2021,0.351122272,0
7/29/2021,0.170241094,0
7/30/2021,0,0
7/31/2021,0,0
8/1/2021,0,0
8/2/2021,0,0
8/3/2021,0,0
8/4/2021,0,0
8/5/2021,0,0
8/6/2021,0,0
8/7/2021,0,0
8/8/2021,0,0
8/9/2021,0,0
8/10/2021,0,0
8/11/2021,0,0
8/12/2021,0,0
8/13/2021,0,0
8/14/2021,0,0
8/15/2021,0,0
8/16/2021,0,0
8/17/2021,0,0
8/18/2021,0,0
8/19/2021,0,0
8/20/2021,0,0
8/21/2021,0,0
8/22/2021,0,0
8/23/2021,0,0
8/24/2021,0,0
8/25/2021,0,0
8/26/2021,0,0
8/27/2021,0,0
8/28/2021,0,0
8/29/2021,0,0
8/30/2021,0,0
8/31/2021,0,0
9/1/2021,0,0
9/2/2021,0,0
9/3/2021,0,0
9/4/2021,0,0
9/5/2021,0,0
9/6/2021,0,0
9/7/2021,0,0
9/8/2021,0,0
9/9/2021,0,0
9/10/2021,0,0
9/11/2021,0,0
9/12/2021,0,0
9/13/2021,0,0
9/14/2021,0,0
9/15/2021,0,0
9/16/2021,0,0
9/17/2021,0,0
9/18/2021,0,0
9/19/2021,0,0
9/20/2021,0,0
9/21/2021,0,0
9/22/2021,0.32953198,0
9/23/2021,0.503294063,0
9/24/2021,0.973633814,0
9/25/2021,1.28116169,0
9/26/2021,1.742485523,0.425894594
9/27/2021,1.874998283,1.194642496
9/28/2021,1.874998283,1.521842432
9/29/2021,1.965381432,1.906110001
9/30/2021,1.965381432,1.906110001
10/1/2021,2.007000542,1.946305656
10/2/2021,1.880648232,1.823195648
10/3/2021,1.948330688,1.959009171
10/4/2021,1.992530823,2.003360939
10/5/2021,2.029999161,2.133506775
10/6/2021,1.880648232,1.823195648
10/7/2021,1.858853531,1.807527924
10/8/2021,1.834063911,1.786812019
10/9/2021,1.163722229,1.228068447
10/10/2021,1.218208504,1.285925388
10/11/2021,0.554666615,0.518529224
10/12/2021,0.480557394,0.481650734
10/13/2021,0.48732,0.280050635
10/14/2021,0.485100365,0.505939293
10/15/2021,1.075037766,1.08644352
10/16/2021,1.106092834,1.040888786
10/17/2021,0.63988719,0.602132893
10/18/2021,0.603009892,0.560635853
10/19/2021,0.616899347,0.617502737
10/20/2021,0.586372805,0.586685944
10/21/2021,0.616513395,0.591990232
10/22/2021,0.702146673,0.688018179
10/23/2021,0.778433323,0.804506111
10/24/2021,0.79315815,0.813637543
10/25/2021,1.097722054,1.162436867
10/26/2021,1.720473003,1.755668259
10/27/2021,3.081931973,3.069878864
10/28/2021,4.165184021,4.141939926
10/29/2021,4.51288414,4.511655045
10/30/2021,4.692518997,4.623701096
10/31/2021,4.677745438,4.600484848
11/1/2021,4.732983017,4.652576828
11/2/2021,4.766898346,4.690602112
11/3/2021,4.844367218,4.762393951
11/4/2021,4.961990738,4.901771164
11/5/2021,4.749023438,4.730488968
11/6/2021,4.899414444,4.880299759
11/7/2021,5.486723518,5.956444168
11/8/2021,7.079972076,7.004479027
11/9/2021,10.02717476,10.00100594
11/10/2021,12.97471504,13.04425354
11/11/2021,14.5605957,14.66902771
11/12/2021,15.05009155,15.17113647
11/13/2021,15.06429901,15.21950531
11/14/2021,15.57947083,15.79572449
11/15/2021,15.94743347,16.10348282
11/16/2021,17.10871429,17.27984924
11/17/2021,16.31539612,16.41124115
11/18/2021,16.6147049,16.6856308
11/19/2021,17.66892853,17.74061737
11/20/2021,18.69239197,18.79539795
11/21/2021,18.37352142,18.46313477
11/22/2021,18.5526123,18.65162201
11/23/2021,19.70376434,19.8508255
11/24/2021,20.01855621,20.16663055
11/25/2021,19.85462189,19.97514343
11/26/2021,20.44171448,20.56938934
11/27/2021,21.20241089,21.3207489
11/28/2021,21.60822296,21.7048996
11/29/2021,21.5478775,21.66700134
11/30/2021,21.22333527,21.39965057
12/1/2021,21.70750427,21.93430481
12/2/2021,20.84156342,21.00166473
12/3/2021,20.0562027,20.15530701
12/4/2021,20.20331116,20.29908752
12/5/2021,20.08358459,20.11822815
12/6/2021,20.45046539,20.47642212
12/7/2021,21.24017181,21.31066284
12/8/2021,21.7839859,21.9109848
12/9/2021,21.88661346,22.03103943
12/10/2021,22.08621674,22.23761597
12/11/2021,22.25315399,22.43755646
12/12/2021,23.54032288,23.79294281
12/13/2021,25.66349182,26.09512024
12/14/2021,28.12449341,28.76333618
12/15/2021,30.21022949,30.98062744
12/16/2021,31.19098206,32.04760132
12/17/2021,31.68527222,32.60180054
12/18/2021,32.05162964,33.01014404
12/19/2021,33.86314697,34.87032166
12/20/2021,35.33805389,36.39931335
12/21/2021,38.83058777,40.21373901
12/22/2021,39.27107239,40.64544067
12/23/2021,40.07984619,41.34060364
12/24/2021,41.16567078,42.50851288
12/25/2021,43.98777771,45.54439087
12/26/2021,44.74127197,46.3360199
12/27/2021,45.23977661,46.84190369
12/28/2021,45.7121582,47.32481689
12/29/2021,45.84233093,47.45807495
12/30/2021,45.72718506,47.3350769
12/31/2021,45.85047607,47.46083984
1/1/2022,45.81880188,47.42188416
1/2/2022,46.33873291,47.96271057
1/3/2022,47.70065613,49.39129639
1/4/2022,48.81808624,50.56600647
1/5/2022,51.65907593,53.5373291
1/6/2022,54.51084595,56.49003296
1/7/2022,55.81717529,57.80147705
1/8/2022,55.77119751,57.82949829
1/9/2022,56.06170044,58.25831909
1/10/2022,56.27939453,58.52354736
1/11/2022,56.56842651,58.80498047
1/12/2022,56.96408081,59.20837402
1/13/2022,57.39058228,59.65823975
1/14/2022,56.91437683,59.88800049
1/15/2022,56.97849121,59.7137146
1/16/2022,57.08879395,59.37523193
1/17/2022,56.99290161,59.2742981
1/18/2022,57.05874634,59.33582153
1/19/2022,57.26872559,59.5362854
1/20/2022,57.4014679,59.68597717
1/21/2022,57.47894897,59.76886597
1/22/2022,57.54554443,59.82401733
1/23/2022,57.82530518,60.09715576
1/24/2022,57.97341309,60.21704102
1/25/2022,58.130896,60.34880981
1/26/2022,58.31230469,60.52005005
1/27/2022,58.37380981,60.56040649
1/28/2022,58.34736328,60.51080322
1/29/2022,58.43582153,60.58684692
1/30/2022,58.52200317,60.65465698
1/31/2022,59.53473511,61.69791565
2/1/2022,61.89014282,64.13858948
2/2/2022,63.71757202,66.03734741
2/3/2022,64.48007202,66.80966797
2/4/2022,64.60094604,66.92220459
2/5/2022,64.96730957,67.29117737
2/6/2022,65.75255432,68.08961182
2/7/2022,66.33118896,68.68498535
2/8/2022,66.17143555,68.52125854
2/9/2022,66.17462158,68.51907349
2/10/2022,66.29499512,68.62340088
2/11/2022,66.42929688,68.72957153
2/12/2022,66.37584839,68.65285034
2/13/2022,66.36427612,68.63527222
2/14/2022,66.44360352,68.71472168
2/15/2022,66.61624756,68.89811401
2/16/2022,66.77531738,69.07045288
2/17/2022,66.80247192,69.10321655
2/18/2022,66.89331665,69.19567261
2/19/2022,66.98919678,69.2977356
2/20/2022,67.14159546,69.4736145
2/21/2022,67.40108337,69.7668335
2/22/2022,67.90743408,70.36262207
2/23/2022,67.99801636,70.46717529
2/24/2022,68.26907959,70.75354004
2/25/2022,68.6887207,71.19519653
2/26/2022,68.98341675,71.50681152
2/27/2022,69.3993103,71.9437561
2/28/2022,70.41200867,72.9905304
3/1/2022,72.40660095,75.06156616
3/2/2022,73.91253662,76.68181763
3/3/2022,74.33934937,77.1873291
3/4/2022,74.64674072,77.56213379
3/5/2022,74.75425415,77.70062866
3/6/2022,74.52614746,77.46364746
3/7/2022,74.18660889,77.10662231
3/8/2022,73.95545044,76.8609314
3/9/2022,73.81358032,76.71392212
3/10/2022,73.53251953,76.41465454
3/11/2022,74.23728027,77.15233154
3/12/2022,75.21986084,78.18005981
3/13/2022,75.08388672,78.02595825
3/14/2022,75.2493103,78.16958618
3/15/2022,76.74662476,79.7048584
3/16/2022,78.99607544,80.87957153
3/17/2022,80.68978882,83.81790771
3/18/2022,81.61810303,84.79855957
3/19/2022,82.33787842,85.55880127
3/20/2022,82.83373413,86.06408081
3/21/2022,83.20400391,86.44811401
3/22/2022,83.95458984,87.17419434
3/23/2022,84.46680908,87.66029663
3/24/2022,84.30678711,87.52664185
3/25/2022,83.9791748,87.2434082
3/26/2022,83.88348999,87.19351196
3/27/2022,84.12526855,87.45809326
3/28/2022,84.26837769,87.59963989
3/29/2022,84.22052612,87.52094116
3/30/2022,83.86422729,87.13884277
3/31/2022,84.07581177,87.39158325
4/1/2022,84.48999634,87.85814209
4/2/2022,84.17289734,87.48951721
4/3/2022,84.17289734,87.48951721
4/4/2022,84.17289734,87.48951721
4/5/2022,84.2444519,87.56029053
4/6/2022,84.37918701,87.72889099
4/7/2022,84.89408264,88.30289307
4/8/2022,85.37836304,88.85108337
4/9/2022,87.17295532,88.8536
4/10/2022,85.29816895,88.74764404
4/11/2022,85.56462402,89.0335083
4/12/2022,85.45855713,88.95452271
4/13/2022,85.5831665,89.06130371
4/14/2022,85.86646118,89.31679688
4/15/2022,85.89146118,89.34456787
4/16/2022,85.84644165,89.30823975
4/17/2022,85.77982178,89.25213623
4/18/2022,87.09693604,89.21848145
4/19/2022,87.56318359,91.42554321
4/20/2022,88.25212402,92.12498169
4/21/2022,88.64680786,92.5267334
4/22/2022,88.85516357,92.71824951
4/23/2022,88.98525391,92.83441772
4/24/2022,88.9916748,92.83751221
4/25/2022,89.12891846,92.97849731
4/26/2022,89.20130005,93.04102173
4/27/2022,89.02498779,92.83707275
4/28/2022,88.69627686,92.48456421
4/29/2022,88.31710205,92.0744812
4/30/2022,88.04747925,91.7831665
5/1/2022,88.81512451,92.23566895
5/2/2022,88.77593384,92.18649902
5/3/2022,88.79779053,92.17252197
5/4/2022,88.7935791,92.11593018
5/5/2022,88.67692871,91.9520813
5/6/2022,88.62920532,91.88018799
5/7/2022,89.2758728,92.57698669
5/8/2022,89.17094116,92.43458252
5/9/2022,92.58764038,93.2182
5/10/2022,92.73804321,93.00192
5/11/2022,92.4678833,92.7892
5/12/2022,92.16854858,92.1292
5/13/2022,92.8335022,91.5672
5/14/2022,94.1125,90.8921
5/15/2022,93.872,89.7282
5/16/2022,92.122,88.127289
5/17/2022,91.6272,86.64813843
5/18/2022,90.71822,86.1231
5/19/2022,88.7627,85.4783
5/20/2022,88.1192,85.00921
5/21/2022,87.2462,84.5623
5/22/2022,86.7891,83.8792
5/23/2022,86.2191,83.21672
5/24/2022,85.5683,82.7621
5/25/2022,85.121,82.06592407
5/26/2022,84.7892,80.19649048
5/27/2022,84.4563,79.37974548
5/28/2022,83.9821,78.8872
5/29/2022,83.44782,78.14372559
5/30/2022,82.98271,77.88804932
5/31/2022,82.3738,77.88804932
6/1/2022,81.7282,77.01921
6/2/2022,80.7829,76.82921
6/3/2022,80.0028,76.66328735
6/4/2022,79.8921,76.66271
6/5/2022,79.82718,76.65397949
6/6/2022,79.72626,76.50067139
6/7/2022,79.6728,76.36846313
6/8/2022,79.5526,76.10527954
6/9/2022,79.4562,76.57732544
6/10/2022,79.122,76.65863342
6/11/2022,78.8926,76.2363
6/12/2022,78.6752,75.52792358
6/13/2022,78.5439,75.11292
6/14/2022,78.3347,74.5869
6/15/2022,78.2121,74.3282
6/16/2022,78.0281,74.5362
6/17/2022,77.87485962,74.4325
6/18/2022,77.37401733,74.3321
6/19/2022,76.74832153,74.2345
6/20/2022,76.3212,73.9982
6/21/2022,75.9817,73.8921
6/22/2022,75.4526,73.4857
6/23/2022,74.8829,72.8971
6/24/2022,74.2191,72.3674
6/25/2022,73.6272,72.02912
6/26/2022,72.69415894,71.5612
6/27/2022,71.33793335,70.77597046
6/28/2022,69.95036621,69.05534058
6/29/2022,68.51833496,67.24613647
6/30/2022,67.30933838,65.75661011
7/1/2022,65.83877563,64.14615479
7/2/2022,64.45386353,62.58666992
7/3/2022,62.99984741,60.90873413
7/4/2022,61.41416626,59.13967285
7/5/2022,60.19355469,57.73963013
7/6/2022,60.42047119,57.6785
7/7/2022,58.8319458,57.64597168
7/8/2022,57.22268066,55.9279541
7/9/2022,53.93122559,53.36007843
7/10/2022,52.76400146,49.51443787
7/11/2022,51.44194336,48.10279846
7/12/2022,49.43347778,46.0270874
7/13/2022,47.54527893,44.08488464
7/14/2022,45.99121704,42.63012085
7/15/2022,44.45116272,41.19980469
7/16/2022,42.91538086,39.7788269
7/17/2022,38.17567444,34.73250122
7/18/2022,32.19521179,28.58671875
7/19/2022,31.43068542,28.381427
7/20/2022,29.84493713,26.95228577
7/21/2022,28.13070068,25.40739288
7/22/2022,26.54523315,23.97891388
7/23/2022,24.7020752,22.31739044
7/24/2022,24.22786865,23.11994476
7/25/2022,22.10323486,21.09390564
7/26/2022,19.81937103,18.91702881
7/27/2022,17.19269104,16.41306763
7/28/2022,13.993927,13.36222076
7/29/2022,9.788855743,11.35620346
7/30/2022,5.309540939,7.213341904
7/31/2022,2.761171186,2.645129406
8/1/2022,0.212801433,0.213761163
8/2/2022,0.191521263,0.192385054
8/3/2022,0.148960972,0.149632835
8/4/2022,0.074480486,0.074816418
8/5/2022,0,0
8/6/2022,0,0
8/7/2022,0,0
8/8/2022,0,0
8/9/2022,0,0
8/10/2022,0,0
8/11/2022,0,0
8/12/2022,0,0
8/13/2022,0,0
8/14/2022,0,0
8/15/2022,0,0
8/16/2022,0,0
8/17/2022,0,0
8/18/2022,0,0
8/19/2022,0,0
8/20/2022,0,0
8/21/2022,0,0
8/22/2022,0,0
8/23/2022,0,0
8/24/2022,0,0
8/25/2022,0,0
8/26/2022,0,0
8/27/2022,0,0
8/28/2022,0,0
8/29/2022,0,0
8/30/2022,0,0
8/31/2022,0,0
9/1/2022,0,0
9/2/2022,0,0
9/3/2022,0,0
9/4/2022,0,0
9/5/2022,0,0
9/6/2022,0,0
9/7/2022,0,0
9/8/2022,0,0
9/9/2022,0,0
9/10/2022,0,0
9/11/2022,0,0
9/12/2022,0,0
9/13/2022,0,0
9/14/2022,0,0
9/15/2022,0,0
9/16/2022,0,0
9/17/2022,0,0
9/18/2022,0,0
9/19/2022,0,0
9/20/2022,0,0
9/21/2022,0,0
9/22/2022,0,0
9/23/2022,0,0
9/24/2022,0,0
9/25/2022,0,0
9/26/2022,0,0
9/27/2022,0,0
9/28/2022,0,0
9/29/2022,0,0
9/30/2022,0,0
10/1/2022,0,0
10/2/2022,0,0
10/3/2022,0,0
10/4/2022,0,0
10/5/2022,0,0
10/6/2022,0,0
10/7/2022,0,0
10/8/2022,0,0
10/9/2022,0,0
10/10/2022,0,0
10/11/2022,0,0
10/12/2022,0,0
10/13/2022,0,0
10/14/2022,0,0
10/15/2022,0,0
10/16/2022,0,0
10/17/2022,0,0
10/18/2022,0,0
10/19/2022,0,0
10/20/2022,0,0
10/21/2022,0,0
10/22/2022,0,0
10/23/2022,0,0
10/24/2022,0,0
10/25/2022,0,0.37484
10/26/2022,1.268749714,1.333441639
10/27/2022,2.883521938,3.030549145
10/28/2022,3.609601402,3.798839188
10/29/2022,4.147423172,4.391479301
10/30/2022,4.459815598,4.664054108
10/31/2022,4.447789001,4.701769638
11/1/2022,4.378151703,4.626909637
11/2/2022,4.305187988,4.584346008
11/3/2022,3.989658356,4.203463364
11/4/2022,4.5430233,4.761719894
11/5/2022,5.416646576,5.648582077
11/6/2022,5.949419022,6.200590134
11/7/2022,6.544944954,6.768457222
11/8/2022,7.141978073,7.33729744
11/9/2022,7.182777023,7.37278595
11/10/2022,7.140470886,7.338270569
11/11/2022,7.14348526,7.33632431
11/12/2022,7.222068787,7.407301331
11/13/2022,7.313537598,7.496406555
11/14/2022,7.35929184,7.538620758
11/15/2022,7.458137512,7.625865173
11/16/2022,7.569946289,7.724517059
11/17/2022,7.644756317,7.790007019
11/18/2022,7.928513336,8.159740448
11/19/2022,7.976979065,8.212391663
11/20/2022,7.814339447,7.96344986
11/21/2022,7.916308594,8.05670929
11/22/2022,8.091025543,8.232952118
11/23/2022,8.519023132,8.69323349
11/24/2022,8.920718384,9.204286194
11/25/2022,9.264246368,9.556539917
11/26/2022,9.58445816,9.875165558
11/27/2022,10.2082901,10.56322784
11/28/2022,10.74131737,11.15693855
11/29/2022,11.82197952,12.35616226
11/30/2022,12.50824509,13.08565826
12/1/2022,13.28672905,13.90334702
12/2/2022,14.90085144,15.58271332
12/3/2022,15.08338623,15.76484375
12/4/2022,15.40901642,16.10438385
12/5/2022,15.62655182,16.33348999
12/6/2022,15.80029449,16.50496521
12/7/2022,15.92162323,16.62074585
12/8/2022,16.11142883,16.8468399
12/9/2022,16.51681213,17.28587418
12/10/2022,17.60520935,18.45247879
12/11/2022,18.97796249,19.90984726
12/12/2022,20.05572968,21.04037857
12/13/2022,20.65484009,21.655513
12/14/2022,20.77770844,21.78420868
12/15/2022,20.87876434,21.8900589
12/16/2022,20.91537018,21.92897339
12/17/2022,20.90100555,21.91508942
12/18/2022,21.04230957,22.06813354
12/19/2022,21.35136719,22.41068878
12/20/2022,21.68157806,22.78978424
12/21/2022,22.03656311,23.19529419
12/22/2022,22.26639252,23.45232391
12/23/2022,22.49275055,23.70216217
12/24/2022,22.91556244,24.20050049
12/25/2022,23.37731018,24.76604767
12/26/2022,23.95788574,25.42711334
12/27/2022,24.24668579,25.75090027
12/28/2022,24.40558319,25.92926636
12/29/2022,25.08058014,26.62155762
12/30/2022,25.9900116,27.53861084
12/31/2022,26.72016296,29.04376221
1/1/2023,28.32912598,29.9557724
1/2/2023,30.2348114,31.92969666
1/3/2023,30.36882019,32.05587769
1/4/2023,30.31409607,31.98200684
1/5/2023,30.51908875,32.18394165
1/6/2023,30.875177,32.55031433
1/7/2023,31.46815186,33.14984741
1/8/2023,32.12615967,33.79252625
1/9/2023,33.10102539,34.75867004
1/10/2023,34.11382446,35.76547241
1/11/2023,35.13415527,36.77346497
1/12/2023,35.67631531,37.3051178
1/13/2023,35.90158691,37.53421936
1/14/2023,36.52892761,38.19812927
1/15/2023,36.99002686,38.68094177
1/16/2023,37.37382813,39.05842896
1/17/2023,37.7347168,39.40489502
1/18/2023,37.55427246,39.19957733
1/19/2023,37.88220825,39.37281036
1/20/2023,38.02969971,39.34072571
1/21/2023,38.43357849,39.74294128
1/22/2023,38.72196655,40.03568726
1/23/2023,39.18943787,40.504599
1/24/2023,39.50679626,40.82163086
1/25/2023,39.65497742,40.96798401
1/26/2023,39.88791199,41.19535522
1/27/2023,41.9121048,43.43120728
1/28/2023,44.04247131,45.78403625
1/29/2023,44.10236816,45.84625549
1/30/2023,44.18671265,45.93091431
1/31/2023,44.25134277,45.99761658
2/1/2023,44.37815247,46.13431396
2/2/2023,44.68320313,46.44981079
2/3/2023,44.98816833,46.75605164
2/4/2023,45.59593811,47.38909912
2/5/2023,46.81748352,48.65223694
2/6/2023,48.06805115,49.92751465
2/7/2023,49.19901123,51.09375
2/8/2023,50.56164856,52.52773438
2/9/2023,51.88488159,53.93532104
2/10/2023,52.88457642,55.00281372
2/11/2023,53.71564941,55.87734985
2/12/2023,54.40388794,56.59820557
2/13/2023,54.91887207,57.15264893
2/14/2023,55.49553223,57.78198853
2/15/2023,55.89920044,58.2326355
2/16/2023,56.14403076,58.49893188
2/17/2023,56.72074585,59.09952393
2/18/2023,57.715802,60.14470825
2/19/2023,58.77527466,61.25245972
2/20/2023,59.47120361,61.98412476
2/21/2023,59.94360962,62.52905884
2/22/2023,60.59943237,63.27747192
2/23/2023,61.26890259,63.97990723
2/24/2023,61.62176514,64.32861328
2/25/2023,61.86778564,64.58162842
2/26/2023,62.44697266,65.20181885
2/27/2023,63.42214966,66.2409729
2/28/2023,64.5012207,67.35802612
3/1/2023,65.37658081,68.25841064
3/2/2023,66.15684204,69.07977905
3/3/2023,67.10953979,70.11085815
3/4/2023,68.15056152,71.2288208
3/5/2023,69.23508301,72.33614502
3/6/2023,70.15979614,73.24162598
3/7/2023,70.62300415,73.68357544
3/8/2023,70.92628784,73.9762085
3/9/2023,71.21369019,74.25407104
3/10/2023,71.3626709,74.40354614
3/11/2023,71.61358032,74.66524048
3/12/2023,72.0942627,75.16795654
3/13/2023,72.53806763,75.65158081
3/14/2023,72.87092896,76.04121704
3/15/2023,73.24390869,76.44576416
3/16/2023,73.66364746,76.86422119
3/17/2023,73.95414429,77.156604
3/18/2023,74.04725952,77.25561523
3/19/2023,74.14112549,77.35314331
3/20/2023,74.35355225,77.56851807
3/21/2023,74.38937988,77.59721069
3/22/2023,74.34157104,77.53417358
3/23/2023,74.45758667,77.65118408
3/24/2023,74.39596558,77.5916748
3/25/2023,74.63856201,77.82976074
3/26/2023,74.91977844,78.10885925
3/27/2023,75.5512146,78.72237549
3/28/2023,75.72076416,78.8828186
3/29/2023,75.73286133,78.88623047
3/30/2023,75.73034058,78.87211304
3/31/2023,75.82855225,78.96605225
4/1/2023,76.31199341,79.47314453
4/2/2023,77.12081909,80.32521362
4/3/2023,77.79417114,81.01824341
4/4/2023,78.3178894,81.53588257
4/5/2023,78.64141235,81.85385742
4/6/2023,78.94938965,82.1725708
4/7/2023,79.57545166,82.81912842
4/8/2023,80.04729614,83.32294312
4/9/2023,80.35130615,83.66592407
4/10/2023,80.74671021,84.12359009
4/11/2023,81.05158691,84.50541992
4/12/2023,81.81835327,85.31238403
4/13/2023,82.54810791,86.06247559
4/14/2023,82.62897949,86.18074951
4/15/2023,82.64402466,86.21812744
4/16/2023,83.39415839,86.91305118
4/17/2023,84.20145205,87.79613963
4/18/2023,84.92678876,88.59648716
4/19/2023,85.14657312,88.85940618
4/20/2023,85.05053688,88.77031425
4/21/2023,85.07766581,88.80992176
4/22/2023,84.97824329,88.72216978
4/23/2023,84.70625488,88.46681854
4/24/2023,84.5370014,88.31310624
4/25/2023,84.43089193,88.20402638
4/26/2023,84.50729079,88.29225805
4/27/2023,84.36944824,88.15223244
4/28/2023,83.57954209,87.31752951
4/29/2023,82.49410487,86.16850766
4/30/2023,80.41829263,83.96028357
5/1/2023,77.8198444,81.18347555
5/2/2023,75.97396154,79.22159016
5/3/2023,74.31044525,77.47095179
5/4/2023,72.21831195,75.23186557
5/5/2023,70.12488193,72.94137944
5/6/2023,68.42595048,71.07316017
5/7/2023,67.16914592,69.68537882
5/8/2023,66.23310603,68.65847984
5/9/2023,65.16306883,67.50703138
5/10/2023,63.72914906,65.97856362
5/11/2023,62.10604002,64.26390981
5/12/2023,59.7339498,61.75636039
5/13/2023,57.4343876,59.30128652
5/14/2023,55.15173021,56.87871006
5/15/2023,52.35133131,53.91060418
5/16/2023,49.98953256,51.3830701
5/17/2023,48.66441358,49.90138115
5/18/2023,47.3587106,48.40575996
5/19/2023,44.60652352,45.40304457
5/20/2023,42.67581224,43.27143597
5/21/2023,42.02081296,42.48118071
5/22/2023,41.42243757,41.7457093
5/23/2023,40.74491039,40.98142422
5/24/2023,39.86479891,40.01350313
5/25/2023,38.85311804,38.95113682
5/26/2023,37.31649884,38.3324
5/27/2023,35.78239319,37.8754
5/28/2023,34.84389275,37.56473
5/29/2023,34.17707476,37.12822
5/30/2023,33.49254918,36.58696
5/31/2023,32.89700192,36.1294
6/1/2023,32.3066235,35.65759
6/2/2023,31.98702789,35.47484
6/3/2023,31.66009372,35.2133
6/4/2023,31.29482593,34.87956
6/5/2023,29.01710504,34.6574
6/6/2023,28.65857797,34.5648
6/7/2023,28.38154969,34.51233
6/8/2023,28.087231,34.45362
6/9/2023,24.06776828,34.3341
6/10/2023,23.78094897,34.3412
6/11/2023,29.48817032,34.3346
6/12/2023,29.07804853,34.298872
6/13/2023,28.31132295,34.2322
6/14/2023,27.73559686,33.8872
6/15/2023,27.15739769,33.4123
6/16/2023,25.74277043,32.87262
6/17/2023,25.2212,32.2627
6/18/2023,24.8973,31.76353
6/19/2023,24.2378,30.8728
6/20/2023,24.00829,30.26278
6/21/2023,23.8125,29.55436
6/22/2023,23.7648,28.19287
6/23/2023,23.4849,26.8972
6/24/2023,23.11820987,25.22718
6/25/2023,22.17892911,23.78766
6/26/2023,21.04343928,22.3637
6/27/2023,20.00626114,20.12728
6/28/2023,18.72703181,18.12637
6/29/2023,16.98778838,16.8762
6/30/2023,15.25283583,15.458
7/1/2023,13.53422809,13.70169605
7/2/2023,12.16677492,12.85459826
7/3/2023,9.590597972,9.709486535
7/4/2023,7.313462648,7.409257703
7/5/2023,5.540209114,5.615275863
7/6/2023,3.801844692,3.85652314
7/7/2023,2.490446031,2.529795887
7/8/2023,1.312654388,1.285167933
7/9/2023,0.618834863,0.613193532
7/10/2023,0.620779804,0.616706777
7/11/2023,0.622697855,0.620775174
7/12/2023,0.624807268,0.624291681
7/13/2023,0.626850109,0.628849558
7/14/2023,0.62811654,0.630937192
7/15/2023,0.627322377,0.629230945
7/16/2023,0.62811654,0.631190498
7/17/2023,0.629363913,0.63366482
7/18/2023,0.629281677,0.633388264
7/19/2023,0.62757039,0.629760399
7/20/2023,0.627679515,0.630937192
7/21/2023,0.5521333,0.558530417
7/22/2023,0.474417888,0.481311236
7/23/2023,0.395957133,0.402206332
7/24/2023,0.321093605,0.331806835
7/25/2023,0.246925296,0.262024082
7/26/2023,0.170752784,0.186360225
7/27/2023,0.092996123,0
7/28/2023,0,0
7/29/2023,0,0
7/30/2023,0,0
7/31/2023,0,0
8/1/2023,0,0
8/2/2023,0,0
8/3/2023,0,0
8/4/2023,0,0
8/5/2023,0,0
8/6/2023,0,0
8/7/2023,0,0
8/8/2023,0,0
8/9/2023,0,0
8/10/2023,0,0
8/11/2023,0,0
8/12/2023,0,0
8/13/2023,0,0
8/14/2023,0,0
8/15/2023,0,0
8/16/2023,0,0
8/17/2023,0,0
8/18/2023,0,0
8/19/2023,0,0
8/20/2023,0,0
8/21/2023,0,0
8/22/2023,0,0
8/23/2023,0,0
8/24/2023,0,0
8/25/2023,0,0
8/26/2023,0,0
8/27/2023,0,0
8/28/2023,0,0
8/29/2023,0,0
8/30/2023,0,0
8/31/2023,0,0
9/1/2023,0,0
9/2/2023,0,0
9/3/2023,0,0
9/4/2023,0,0
9/5/2023,0,0
9/6/2023,0,0
9/7/2023,0,0
9/8/2023,0,0
9/9/2023,0,0
9/10/2023,0,0
9/11/2023,0,0
9/12/2023,0,0
9/13/2023,0,0
9/14/2023,0,0
9/15/2023,0,0
9/16/2023,0,0
9/17/2023,0,0
9/18/2023,0,0
9/19/2023,0,0
9/20/2023,0,0
9/21/2023,0,0
9/22/2023,0,0
9/23/2023,0,0
9/24/2023,0,0
9/25/2023,0,0
9/26/2023,0,0
9/27/2023,0,0
9/28/2023,0,0
9/29/2023,0,0
9/30/2023,0,0
10/1/2023,0,0
10/2/2023,0,0
10/3/2023,0,0
10/4/2023,0,0
10/5/2023,0,0
10/6/2023,0,0
10/7/2023,0,0
10/8/2023,0,0
10/9/2023,0,0
10/10/2023,0,0
10/11/2023,0,0
10/12/2023,0,0
10/13/2023,0,0
10/14/2023,0,0
10/15/2023,0,0
10/16/2023,0,0
10/17/2023,0,0
10/18/2023,0,0
10/19/2023,0,0
10/20/2023,0,0
10/21/2023,0,0
10/22/2023,0.119279197,0
10/23/2023,0.131124542,0
10/24/2023,0.057154642,0.075085455
10/25/2023,0.303958021,0.339452516
10/26/2023,0.874203553,0.899125054
10/27/2023,1.050123093,1.087931864
10/28/2023,0.965484473,0.991692296
10/29/2023,0.974899816,1.003199569
10/30/2023,0.978097613,1.003890144
10/31/2023,1.003212938,1.033293631
11/1/2023,1.415902309,1.421720278
11/2/2023,1.744814578,1.713919187
11/3/2023,1.281153389,1.27307206
11/4/2023,1.301050007,1.297084329
11/5/2023,1.082161626,1.520924465
11/6/2023,0.601681004,1.516527709
11/7/2023,0.585308515,1.489582229
11/8/2023,0.58403634,1.046378662
11/9/2023,0.590398778,0.629881954
11/10/2023,0.845211398,0.879332104
11/11/2023,3.725224974,3.827824097
11/12/2023,6.822244123,6.982593674
11/13/2023,7.770931092,7.921454735
11/14/2023,8.473004999,8.627810636
11/15/2023,8.45602736,8.60008158
11/16/2023,7.863075096,7.982058917
11/17/2023,7.867929878,7.98424771
11/18/2023,8.22984558,8.364547353
11/19/2023,8.458049315,8.593057538
11/20/2023,8.713579606,8.842718165
11/21/2023,8.653700218,8.772659265
11/22/2023,8.970231696,9.095176172
11/23/2023,9.624581707,9.775418302
11/24/2023,8.859768696,8.977089877
11/25/2023,9.250289392,9.387078129
11/26/2023,10.90332729,11.1192431
11/27/2023,11.10478795,11.33115746
11/28/2023,10.28354945,10.47020982
11/29/2023,9.332712083,9.472642949
11/30/2023,8.86723231,8.984182854
12/1/2023,9.893148325,10.04317297
12/2/2023,13.68930413,14.02353421
12/3/2023,16.13595557,16.58011283
12/4/2023,17.08697855,17.54071823
12/5/2023,16.977104,17.41585753
12/6/2023,15.51105823,15.8634656
12/7/2023,14.959416,15.28374232
12/8/2023,14.92301087,15.26984598
12/9/2023,14.62456187,14.97778004
12/10/2023,15.77415839,16.18704509
12/11/2023,17.86148024,18.38607429
12/12/2023,18.57391429,19.13514876
12/13/2023,18.68615306,19.25548014
12/14/2023,18.86493075,19.43490321
12/15/2023,18.9860395,19.54507828
12/16/2023,18.56226292,17.27255974
12/17/2023,18.08656189,18.58848661
12/18/2023,17.80435928,18.28665962
12/19/2023,17.42605151,17.8784388
12/20/2023,16.76090016,17.18315902
12/21/2023,16.03460794,16.42900089
12/22/2023,15.42674751,15.78769773
12/23/2023,15.32651568,15.68559827
12/24/2023,13.68954274,13.96111528
12/25/2023,13.68234359,13.94224337
12/26/2023,15.69425211,16.00476142
12/27/2023,15.68690102,15.95171563
12/28/2023,14.9649425,15.16178791
12/29/2023,14.16169014,14.27877736
12/30/2023,13.68096046,13.77443934
12/31/2023,13.36341918,13.46063314
1/1/2024,14.02373403,14.48325488
1/2/2024,14.18265948,14.62502264
1/3/2024,11.93002467,12.41264327
1/4/2024,12.58582673,13.06074735
1/5/2024,13.30522837,13.77498389
1/6/2024,15.33178843,15.86673084
1/7/2024,17.60645146,18.21819928
1/8/2024,18.70179666,19.29550616
1/9/2024,20.47857745,21.16632906
1/10/2024,22.96212247,23.8047292
1/11/2024,23.69078228,24.63265119
1/12/2024,23.74611625,24.74473768
1/13/2024,23.97933141,24.94976423
1/14/2024,23.79947239,24.78240686
1/15/2024,23.53466225,24.57176188
1/16/2024,23.3224488,24.4156907
1/17/2024,23.42182668,24.5918836
1/18/2024,23.65802112,24.93253902
1/19/2024,24.04662899,25.42025877
1/20/2024,24.03963529,25.48492727
1/21/2024,24.42691799,25.80314369
1/22/2024,25.09520709,26.44799028
1/23/2024,25.3767821,26.71493527
1/24/2024,25.54794189,26.8253767
1/25/2024,25.85395972,27.09846385
1/26/2024,26.32275921,27.53061495
1/27/2024,26.41397982,27.59018062
1/28/2024,25.8922406,27.07545705
1/29/2024,25.01856701,26.25513016
1/30/2024,23.47782924,24.57980649
1/31/2024,22.05140179,23.04219442
2/1/2024,20.88024279,21.8170539
2/2/2024,19.68571734,20.6135533
2/3/2024,19.69948309,20.52111863
2/4/2024,20.0120354,20.75461131
2/5/2024,20.22168257,20.89751956
2/6/2024,25.44180762,25.89888929
2/7/2024,26.11668916,26.43798367
2/8/2024,26.03313501,26.38412942
2/9/2024,26.07703011,26.44058403
2/10/2024,25.82910441,26.29515251
2/11/2024,20.9259711,21.65798873
2/12/2024,21.21992351,22.0772616
2/13/2024,20.49092613,21.48636226
2/14/2024,19.73883669,20.84338508
2/15/2024,18.79568589,20.0723154
2/16/2024,17.61467243,19.00215004
2/17/2024,15.93724288,17.32911918
2/18/2024,15.20223107,16.5762806
2/19/2024,14.64009686,15.98379412
2/20/2024,14.68234046,16.0290996
2/21/2024,14.71017478,16.05488583
2/22/2024,14.76079651,16.10928707
2/23/2024,14.83331515,16.19871389
2/24/2024,14.93393361,16.31896491
2/25/2024,15.40614236,16.84458349
2/26/2024,17.95817228,19.55104341
2/27/2024,19.96073098,21.63320797
2/28/2024,21.61043742,23.34232984
2/29/2024,25.07385503,27.1207715
3/1/2024,29.02063387,31.38069123
3/2/2024,31.90481849,34.21771103
3/3/2024,34.31780052,36.45269704
3/4/2024,36.78269498,38.70804706
3/5/2024,38.89403804,40.61460446
3/6/2024,38.56940307,40.32434308
3/7/2024,38.18500489,39.97609052
3/8/2024,38.02843112,39.87631283
3/9/2024,39.46136459,41.2743806
3/10/2024,42.77597332,44.74648023
3/11/2024,46.16187289,48.38068103
3/12/2024,48.9792899,51.36548675
3/13/2024,50.00339125,52.53818272
3/14/2024,49.49029331,52.07001118
3/15/2024,49.48322834,52.08841971
3/16/2024,48.47730554,51.30742419
3/17/2024,47.22053519,50.22227339
3/18/2024,45.80929421,48.92981506
3/19/2024,44.70198175,47.94277813
3/20/2024,43.56520461,46.98328384
3/21/2024,42.30259813,45.85796588
3/22/2024,40.74560352,44.41364712
3/23/2024,39.69861766,43.41334486
3/24/2024,38.27365114,42.01097129
3/25/2024,36.2504724,39.98204505
3/26/2024,35.47907087,39.19819545
3/27/2024,34.56160112,38.25207784
3/28/2024,34.05950946,37.7321095
3/29/2024,35.77472307,39.50093328
3/30/2024,38.66610163,42.40283817
3/31/2024,41.27267005,44.92069359
4/1/2024,43.21852237,46.71987739
4/2/2024,45.28744351,48.80405861
4/3/2024,44.95446723,48.48260306
4/4/2024,44.51264525,48.09306733
4/5/2024,44.0743534,47.67955767
4/6/2024,43.5857223,47.19362085
4/7/2024,42.84326933,46.50323954
4/8/2024,40.91753554,44.774215
4/9/2024,38.38331658,42.41725092
4/10/2024,34.64164263,41.56474
4/11/2024,32.7829,40.72625
4/12/2024,32.01928,39.62728
4/13/2024,31.28293,37.5635
4/14/2024,30.56748,36.837356
4/15/2024,30.11928,36.12829
4/16/2024,29.6521,35.36372
4/17/2024,29.12672,34.76533
4/18/2024,28.72829,34.33494
4/19/2024,28.3467,34.11202
4/20/2024,28.0019,33.67281
4/21/2024,27.62904071,33.2912
4/22/2024,27.60331736,32.72682
4/23/2024,27.56687178,32.45262
4/24/2024,27.50676683,31.98272
4/25/2024,27.48274459,31.76272
4/26/2024,27.60543095,31.56272
4/27/2024,27.71766111,31.4252
4/28/2024,27.82011017,31.33327
4/29/2024,27.99832657,31.32598406
4/30/2024,28.04589095,31.39921153
5/1/2024,28.08671174,31.46902365
5/2/2024,28.00891488,31.35947552
5/3/2024,27.96164472,31.26875444
5/4/2024,27.882654,31.16419982
5/5/2024,27.65384694,30.8766159
5/6/2024,27.56741088,30.73209767
5/7/2024,27.60428305,30.76285498
5/8/2024,27.44381235,30.60309841
5/9/2024,26.6894,30.39475073
5/10/2024,26.34982,30.24139983
5/11/2024,25.89201,30.05058207
5/12/2024,25.45859,29.8269157
5/13/2024,25.23839,29.07457395
5/14/2024,24.87298,28.17046884
5/15/2024,24.4578,27.42527472
5/16/2024,24.0291,26.88526868
5/17/2024,23.8292,26.2122
5/18/2024,23.38197653,25.6318207
5/19/2024,22.94023339,25.18479511
5/20/2024,22.59553499,24.80336477
5/21/2024,22.32996802,24.48410862
5/22/2024,22.1221,23.7383
5/23/2024,21.6721,23.12282
5/24/2024,21.2291,22.46473
5/25/2024,20.56272,22.00292
5/26/2024,20.00192,21.3536
5/27/2024,19.52672,20.78221
5/28/2024,19.02612,20.126272
5/29/2024,18.7627,20.0092
5/30/2024,19.9883528,19.86272
5/31/2024,19.69249749,19.56221
6/1/2024,19.12915741,19.59282
6/2/2024,18.7794656,19.61522
6/3/2024,18.3232662,19.52421
6/4/2024,17.7829,19.5562
6/5/2024,17.493283,19.3763
6/6/2024,17.12929,19.4647
6/7/2024,16.92821,19.1233
6/8/2024,16.5859,18.827283
6/9/2024,16.00292,18.0019
6/10/2024,15.5672,17.1112454
6/11/2024,14.88480544,15.02576624
6/12/2024,13.17875184,13.32670563
6/13/2024,11.71174614,11.87832785
6/14/2024,10.30016291,10.4860286
6/15/2024,9.798688927,9.880721004
6/16/2024,9.67338955,9.750810906
6/17/2024,9.572212403,9.647637442
6/18/2024,9.408278662,9.536714282
6/19/2024,10.03476667,10.44148998
6/20/2024,9.651390307,9.998954144
6/21/2024,9.200074404,9.484298289
6/22/2024,8.741676826,8.964998899
6/23/2024,9.636505894,9.959485312
6/24/2024,9.117535277,9.383204709
6/25/2024,8.701898994,8.931357329
6/26/2024,8.238564137,8.414934043
6/27/2024,7.707772977,7.827735991
6/28/2024,7.143874218,7.221240588
6/29/2024,6.541074547,6.585050049
6/30/2024,6.015798405,6.031155418
7/1/2024,5.394140636,5.400890854
7/2/2024,4.675329008,4.677742925
7/3/2024,3.915002154,3.915634407
7/4/2024,3.552814682,3.779096338
7/5/2024,3.153703351,3.353257083
7/6/2024,2.563790155,2.725966112
7/7/2024,1.968765811,2.094275528
7/8/2024,1.452212664,1.543801548
7/9/2024,0.574036993,0.594445215
7/10/2024,0.209341722,0.221844688
7/11/2024,0.217383075,0.15262
7/12/2024,0.217383075,0.11822
7/13/2024,0.12728,0.08221
7/14/2024,0,0.0521
7/15/2024,0,0
7/16/2024,0,0
7/17/2024,0,0
7/18/2024,0,0
7/19/2024,0,0
7/20/2024,0,0
7/21/2024,0,0
7/22/2024,0,0
7/23/2024,0,0
7/24/2024,0,0
7/25/2024,0,0
7/26/2024,0,0
7/27/2024,0,0
7/28/2024,0,0
7/29/2024,0,0
7/30/2024,0,0
7/31/2024,0,0
8/1/2024,0,0
8/2/2024,0,0
8/3/2024,0,0
8/4/2024,0,0
8/5/2024,0,0
8/6/2024,0,0
8/7/2024,0,0
8/8/2024,0,0
8/9/2024,0,0
8/10/2024,0,0
8/11/2024,0,0
8/12/2024,0,0
8/13/2024,0,0
8/14/2024,0,0
8/15/2024,0,0
8/16/2024,0,0
8/17/2024,0,0
8/18/2024,0,0
8/19/2024,0,0
8/20/2024,0,0
8/21/2024,0,0
8/22/2024,0,0
8/23/2024,0,0
8/24/2024,0,0
8/25/2024,0,0
8/26/2024,0,0
8/27/2024,0,0
8/28/2024,0,0
8/29/2024,0,0
8/30/2024,0,0
8/31/2024,0,0
9/1/2024,0,0
9/2/2024,0,0
9/3/2024,0,0
9/4/2024,0,0
9/5/2024,0,0
9/6/2024,0,0
9/7/2024,0,0
9/8/2024,0,0
9/9/2024,0,0
9/10/2024,0,0
9/11/2024,0,0
9/12/2024,0,0
9/13/2024,0,0
9/14/2024,0,0
9/15/2024,0,0
9/16/2024,0,0
9/17/2024,0,0
9/18/2024,0,0
9/19/2024,0,0
9/20/2024,0,0
9/21/2024,0,0
9/22/2024,0,0
9/23/2024,0,0
9/24/2024,0,0
9/25/2024,0,0
9/26/2024,0,0
9/27/2024,0,0
9/28/2024,0,0
9/29/2024,0,0.066777344
9/30/2024,0.163319714,0.146073553
10/1/2024,0.489934864,0.415205296
10/2/2024,0.743073268,0.678150009
10/3/2024,0.84509914,0.820116007
10/4/2024,0.750051299,0.695802299
10/5/2024,0.48585101,0.523051665
10/6/2024,0.54687491,0.618634513
10/7/2024,0.125517367,0.14178489
10/8/2024,0.109761255,0.117097545
10/9/2024,0.103052383,0.110313349
10/10/2024,0.071362895,0.079139167
10/11/2024,0,0.097155712
10/12/2024,0,0.109798579
10/13/2024,0,0.10429111
10/14/2024,0,0.114317705
10/15/2024,0,0.123408577
10/16/2024,0,0.11564746
10/17/2024,0,0.198500967
10/18/2024,0.076256315,0.103023764
10/19/2024,0.277935491,0.296327674
10/20/2024,0.374446867,0.41498503
10/21/2024,0.105362294,0.129850953
10/22/2024,0.051726821,0.066697395
10/23/2024,0.037544153,0.049864985
10/24/2024,0.039381274,0.049568849
10/25/2024,0.038029474,0.048742852
10/26/2024,0.039820126,0.051759274
10/27/2024,0.061159133,0.080229893
10/28/2024,0.128120195,0.16994836
10/29/2024,0.238070462,0.30613278
10/30/2024,0.30996828,0.37665791
10/31/2024,0.755078646,0.830532962
11/1/2024,1.417371327,1.507559615
11/2/2024,1.751982404,1.879135496
11/3/2024,1.984356146,2.151830656
11/4/2024,2.46627472,2.683491055
11/5/2024,3.336148755,3.635916022
11/6/2024,3.724933363,4.057418889
11/7/2024,3.65573836,3.98406701
11/8/2024,3.457190408,3.777242839
11/9/2024,2.941830072,3.17317893
11/10/2024,2.629519769,2.802105989
11/11/2024,2.572483912,2.727195523
11/12/2024,2.912758814,3.09380114
11/13/2024,3.760678249,4.006701393
11/14/2024,4.859360388,5.144284502
11/15/2024,5.441255466,5.721265062
11/16/2024,6.465404326,6.922059651
11/17/2024,6.652907622,7.042180145
11/18/2024,7.873136838,8.435510161
11/19/2024,8.309113551,8.958115175
11/20/2024,9.074737172,9.832049943
11/21/2024,10.34018927,11.16136369
11/22/2024,11.15118302,11.95844802
11/23/2024,11.94323252,12.78177012
11/24/2024,13.06806824,13.97088245
11/25/2024,13.52314532,14.45617275
11/26/2024,13.47778198,14.42485785
11/27/2024,13.36027386,14.32543462
11/28/2024,13.32631545,14.30466923
11/29/2024,13.28341996,14.27868191
11/30/2024,13.40685899,14.43923633
12/1/2024,13.50309337,14.58720947
12/2/2024,13.44175306,14.55832361
12/3/2024,13.2,14.31
12/4/2024,12.89,14.01
12/5/2024,12.8,13.92
12/6/2024,12.75,13.86
12/7/2024,12.59,13.62
12/8/2024,12.73,13.74
12/9/2024,13.13,14.21
12/10/2024,13.36,14.46
12/11/2024,13.67,14.8
12/12/2024,14.07,15.23
12/13/2024,14.57,15.76
12/14/2024,16.34,17.64
12/15/2024,19.79,21.38
12/16/2024,22.36,24.16
12/17/2024,23.38,25.2
12/18/2024,25.43,27.17
12/19/2024,26.28,27.96
12/20/2024,26.27,27.8
12/21/2024,25.95,27.37
12/22/2024,25.64,26.99
12/23/2024,25.68,26.98
12/24/2024,25.52,26.87
12/25/2024,25.54,26.99
12/26/2024,27.43,29.17
12/27/2024,29.37,31.37
12/28/2024,29.39,31.62
12/29/2024,30.26,32.64
12/30/2024,30.83,33.33
12/31/2024,31.27,33.83
1/1/2025,31.47,34.04
1/2/2025,31.53,34.08
1/3/2025,32.07,34.59
1/4/2025,33.58,36.07
1/5/2025,36.13,38.71
1/6/2025,37.57,40.05
1/7/2025,38.65,40.97
1/8/2025,38.89,40.94
1/9/2025,39.97,41.89
1/10/2025,41.07,42.97
1/11/2025,42.11,44.01
1/12/2025,42.82,44.68
1/13/2025,42.67,44.59
1/14/2025,41.89,43.91
1/15/2025,41.16,43.28
1/16/2025,40.32,42.59
1/17/2025,39.66,42.12
1/18/2025,37.94,40.73
1/19/2025,36.05,39.09
1/20/2025,34.06,37.31
1/21/2025,32.01,35.38
1/22/2025,29.88,33.28
1/23/2025,28.67,32.06
1/24/2025,27.48,30.83
1/25/2025,26.15,29.44
1/26/2025,25.84,29.11
1/27/2025,25.66,28.93
1/28/2025,27.21,30.62
1/29/2025,28.75,32.23
1/30/2025,28.76,32.24
1/31/2025,29.22,32.78
2/1/2025,30.24,34.02
2/2/2025,31.35,35.36
2/3/2025,32.52,36.75
2/4/2025,33.38,37.75
2/5/2025,32.51,36.87
2/6/2025,30.75,34.99
2/7/2025,28.13,32.09
2/8/2025,26.97,30.78
2/9/2025,26.95,30.77
2/10/2025,27.14,30.98
2/11/2025,28.38,32.37
2/12/2025,30.29,34.48
2/13/2025,32.48,36.85
2/14/2025,34.49,38.99
2/15/2025,36.11,40.67
2/16/2025,37.9,42.49
2/17/2025,33.53,36.12
2/18/2025,35.32,37.69
2/19/2025,36.44,38.65
2/20/2025,37.66,39.69
2/21/2025,39.21,41.08
2/22/2025,40.79,42.58
2/23/2025,42.08,43.73
2/24/2025,42.79,44.42
2/25/2025,43.57,45.35
2/26/2025,44.35,46.22
2/27/2025,43.91,45.97
2/28/2025,43.14,45.38
3/1/2025,42.02,44.44
3/2/2025,41.22,43.72
3/3/2025,40.98,43.5
3/4/2025,40.8,43.35
3/5/2025,41.24,43.85
3/6/2025,42.22,44.78
3/7/2025,43.16,45.58
3/8/2025,44.25,46.59
3/9/2025,46.95,49.32
3/10/2025,50.11,52.52
3/11/2025,52.8,55.03
3/12/2025,55.39,57.48
3/13/2025,57.64,59.75
3/14/2025,58.97,61.15
3/15/2025,58.86,61.14
3/16/2025,58.6,61.08
3/17/2025,57.95,61.09
3/18/2025,56.4,59.95
3/19/2025,54.65,58.51
3/20/2025,53.86,58.09
3/21/2025,53.42,58.11
3/22/2025,51.97,56.95
3/23/2025,49.93,55.04
3/24/2025,48.43,53.63
3/25/2025,47.25,52.41
3/26/2025,45.69,50.66
3/27/2025,44.79,49.57
3/28/2025,44.45,49.1
3/29/2025,43.73,48.24
3/30/2025,43.1,47.52
3/31/2025,43.35,47.77
4/1/2025,43.84,48.3
4/2/2025,44.18,48.69
4/3/2025,52.07,59.12
4/4/2025,52.52,59.63
4/5/2025,53.04,60.2
4/6/2025,53.47,60.5
4/7/2025,53.12,60
4/8/2025,53.09,59.85
4/9/2025,52.03,58.69
4/10/2025,50.1,56.59
4/11/2025,47.06,53.26
4/12/2025,46.12,52.19
4/13/2025,45.98,52.02
4/14/2025,45.63,51.59
4/15/2025,45.56,51.48
4/16/2025,45.36,51.23
4/17/2025,45.13,50.97
4/18/2025,45.02,50.83
4/19/2025,44.98,50.72
4/20/2025,44.97,50.67
4/21/2025,44.9,50.57
4/22/2025,44.82,50.49
4/23/2025,44.71,50.36
4/24/2025,44.56,50.17
4/25/2025,44.43,49.98
4/26/2025,44.33,49.81
4/27/2025,44.13,49.5
4/28/2025,43.76,49.03
4/29/2025,43.47,48.66
4/30/2025,43.4,48.53
5/1/2025,43.21,48.27
5/2/2025,42.64,47.55
5/3/2025,42.52,47.35
5/4/2025,42.3,47.02
5/5/2025,41.41,45.94
5/6/2025,41.11,45.63
5/7/2025,40.65,45.09
5/8/2025,40.31,44.63
5/9/2025,39.99,44.21
5/10/2025,39.54,43.71
5/11/2025,39.17,43.29
5/12/2025,38.85,42.91
5/13/2025,38.45,42.42
5/14/2025,38.122,41.221
5/15/2025,37.6736,40.829
5/16/2025,37.5273,40.562
5/17/2025,37.348,40.122
5/18/2025,37.122,38.87
5/19/2025,36.89,38.12
5/20/2025,36.45,37.65
5/21/2025,35.74,37.55
5/22/2025,35.43,37.46
5/23/2025,34.99,37.35
5/24/2025,34.39,37.12
5/25/2025,33.8,36.6
5/26/2025,33.19,35.79
5/27/2025,32.75,35.16
5/28/2025,32.17,34.38
5/29/2025,31.2,33.14
5/30/2025,28.57,30.18
5/31/2025,26.1,27.43
6/1/2025,24.26,25.34
6/2/2025,23.68,24.66
6/3/2025,22.69,23.51
6/4/2025,21.67,22.32
6/5/2025,20.7,21.18
6/6/2025,19.61,19.91
6/7/2025,18.6,18.75
6/8/2025,17.53,17.56
6/9/2025,16.46,16.34
6/10/2025,15.59,15.35
6/11/2025,14.73,14.37
6/12/2025,13.95,13.52
6/13/2025,13.38,12.91
6/14/2025,12.97,12.49
6/15/2025,12.63,12.15
6/16/2025,12.4,11.97
6/17/2025,12.1,12
6/18/2025,11.65,11.871
6/19/2025,11.52,11.75
6/20/2025,11.31,11.63
6/21/2025,11.2,11.36
6/22/2025,11.13,10.96
6/23/2025,10.68,10.52
6/24/2025,10.63,10.87
6/25/2025,10.2,10.43
6/26/2025,8.52,8.16
6/27/2025,8.12,6.04
6/28/2025,7.32,6.96
6/29/2025,7.83,7.74
6/30/2025,7.8,7.9
7/1/2025,7.75,7.69
7/2/2025,6.74,6.69
7/3/2025,5.81,5.77
7/4/2025,5.13,5.1
7/5/2025,4.17,4.12
7/6/2025,3.54,3.55
7/7/2025,2.67,2.59
7/8/2025,1.88,1.72
7/9/2025,1.45,1.27
7/10/2025,1.13,0.98
7/11/2025,1.17,1.2
7/12/2025,1.07,1.1
7/13/2025,0.83,0.85
7/14/2025,0.36,0.29
7/15/2025,0.43,0.34
7/16/2025,0.57,0.44
7/17/2025,0.2,0.15
7/18/2025,0,0
7/19/2025,0,0
7/20/2025,0,0
7/21/2025,0,0
7/22/2025,0,0
7/23/2025,0,0
7/24/2025,0,0
7/25/2025,0,0
7/26/2025,0,0
7/27/2025,0,0
7/28/2025,0,0
7/29/2025,0,0
7/30/2025,0,0
7/31/2025,0,0
8/1/2025,0,0
8/2/2025,0,0
8/3/2025,0,0
8/4/2025,0,0
8/5/2025,0,0
8/6/2025,0,0
8/7/2025,0,0
8/8/2025,0,0
8/9/2025,0,0
8/10/2025,0,0
8/11/2025,0,0
8/12/2025,0,0
8/13/2025,0,0
8/14/2025,0,0
8/15/2025,0,0
8/16/2025,0,0
8/17/2025,0,0
8/18/2025,0,0
8/19/2025,0,0
8/20/2025,0,0
8/21/2025,0,0
8/22/2025,0,0
8/23/2025,0,0
8/24/2025,0,0
8/25/2025,0,0
8/26/2025,0,0
8/27/2025,0,0
8/28/2025,0,0
8/29/2025,0,0
8/30/2025,0,0
8/31/2025,0,0
9/1/2025,0,0
9/2/2025,0,0
9/3/2025,0,0
9/4/2025,0,0
9/5/2025,0,0
9/6/2025,0,0
9/7/2025,0,0
9/8/2025,0,0
9/9/2025,0,0
9/10/2025,0,0
9/11/2025,0,0
9/12/2025,0,0
9/13/2025,0,0
9/14/2025,0,0
9/15/2025,0,0
9/16/2025,0,0
9/17/2025,0,0
9/18/2025,0,0
9/19/2025,0,0
9/20/2025,0,0
9/21/2025,0,0
9/22/2025,0,0
9/23/2025,0,0
9/24/2025,0,0
9/25/2025,0,0
9/26/2025,0,0
9/27/2025,0,0
9/28/2025,0,0
9/29/2025,0,0
9/30/2025,0,0
10/1/2025,0,0.05
10/2/2025,0.14,0.19
10/3/2025,0.45,0.61
10/4/2025,0.85,1.18
10/5/2025,1.21,1.65
10/6/2025,1.51,2.04
10/7/2025,1.48,2.01
10/8/2025,1.46,1.97
10/9/2025,1.43,1.94
10/10/2025,1.5,2.09
10/11/2025,1.4,1.95
10/12/2025,1.11,1.56
10/13/2025,0.81,1.08
10/14/2025,0.32,0.4
10/15/2025,0.11,0.12
10/16/2025,0,0.12
10/17/2025,0,0.11
10/18/2025,0.07,0.08
10/19/2025,0.35,0.37
10/20/2025,0.66,0.71
10/21/2025,0.69,0.75
10/22/2025,0.63,0.68
10/23/2025,0.59,0.64
10/24/2025,0.49,0.54
10/25/2025,0.35,0.4
10/26/2025,0.58,0.63
10/27/2025,0.94,1.01
10/28/2025,1.46,1.59
10/29/2025,3.25,4.06
10/30/2025,3.42,4.24
10/31/2025,3.44,4.26
11/1/2025,4.22,5.21
11/2/2025,5.03,6.15
11/3/2025,5.72,6.93
11/4/2025,5.3,6.04
11/5/2025,5.68,6.42
11/6/2025,5.37,6.05
11/7/2025,5.08,5.72
11/8/2025,5.05,5.7
11/9/2025,4.96,5.59
11/10/2025,4.68,5.29
11/11/2025,3.95,4.51
11/12/2025,3.73,4.28
11/13/2025,3.6,4.15
11/14/2025,3.47,4
11/15/2025,3.25,3.79
11/16/2025,3.15,3.67
11/17/2025,2.98,3.49
11/18/2025,2.82,3.33
11/19/2025,2.8,3.33
11/20/2025,3.01,3.59
11/21/2025,3.22,3.82
11/22/2025,3.52,4.15
11/23/2025,3.42,4.04
11/24/2025,3.44,4.07
11/25/2025,3.73,4.39
11/26/2025,4.23,4.93
11/27/2025,4.46,5.2
11/28/2025,4.45,5.12
11/29/2025,4.25,4.92
11/30/2025,1.9,1.98
12/1/2025,1.84,1.92
12/2/2025,1.86,1.97
12/3/2025,1.82,1.96
12/4/2025,1.8,1.96
12/5/2025,2,2.2
12/6/2025,2.27,2.52
12/7/2025,2.56,2.86
12/8/2025,2.23,2.48
12/9/2025,2.48,2.76
12/10/2025,3.5,3.89
12/11/2025,3.73,4.11
12/12/2025,3.12,3.42
12/13/2025,3.22,3.53
12/14/2025,3.3,3.59
12/15/2025,3.23,3.47
12/16/2025,3.2,3.41
12/17/2025,3.89,4.25
12/18/2025,5.36,5.99
12/19/2025,7.27,8.14
12/20/2025,8.99,10.11
12/21/2025,10.9,12.36
12/22/2025,13.31,15.14
12/23/2025,15.3,17.53
12/24/2025,16.41,18.86
12/25/2025,16.9,19.45
12/26/2025,18,20.8
12/27/2025,18.83,21.83
12/28/2025,20.76,23.6
12/29/2025,20.7,23.54
12/30/2025,20.63,23.46
12/31/2025,20.57,23.4
1/1/2026,20.51,23.34
1/2/2026,20.53,23.36
1/3/2026,21.02,23.88
1/4/2026,22.29,25.22
1/5/2026,23.25,26.28
1/6/2026,23.93,27.12
1/7/2026,25.23,28.67
1/8/2026,26.14,29.81
1/9/2026,26.26,30.01
1/10/2026,26.01,29.78
1/11/2026,26.65,30.46
1/12/2026,27.98,31.85
1/13/2026,28.05,31.89
1/14/2026,27.28,31.04
1/15/2026,26.26,29.97
1/16/2026,25.92,29.6
1/17/2026,25.75,29.4
1/18/2026,25.31,28.93
1/19/2026,24.74,28.33
1/20/2026,24.14,27.69
1/21/2026,23.31,26.8
1/22/2026,22.3,25.71
1/23/2026,21.25,24.57
1/24/2026,19.81,22.99
1/25/2026,19.2,22.31
1/26/2026,18.52,21.55
1/27/2026,17.83,20.77
1/28/2026,17.99,20.96
1/29/2026,18.39,21.4
1/30/2026,18.79,21.81
1/31/2026,19,22.04
2/1/2026,19.14,22.18
2/2/2026,19.39,22.46
2/3/2026,19.63,22.7
2/4/2026,19.64,22.67
2/5/2026,20.13,23.2
2/6/2026,19.92,22.96
2/7/2026,19.5,22.48
2/8/2026,19.59,22.56
2/9/2026,19.61,22.56
2/10/2026,19.9,22.91
2/11/2026,20.24,23.33
2/12/2026,20.27,23.34
2/13/2026,20.39,23.49
2/14/2026,20.72,23.89
2/15/2026,20.97,24.21
